x,y,x2,y2,Fx,Fy,Fx2,Fy2
binit(4), info(1), current(4), error(4)
-10,1,-9,1,-1.90379,-0.0501041,-1.75166,-0.0451498
-500, -500, -500, -500,2,-10.1095, 2.68325, 3.84777, -3.02976,-2.22045e-16, 1.38778e-17, -6.66134e-16, 0
-500, -500, -500, -300,2,-8.75769, 6.80062, 15.9358, -7.14067,-6.66134e-16, 5.55112e-17, 4.88498e-15, 1.01308e-15
-500, -500, -500, -100,2,-10, -5.17551e-05, -7.33737e-05, 5.77358e-05,-2.22045e-16, -6.93889e-18, -2.22045e-16, 0
-500, -500, -500, 100,2,-10, -5.17551e-05, -7.33737e-05, 5.77358e-05,6.66134e-16, 1.38778e-17, 0, -1.38778e-17
-500, -500, -500, 300,2,-10, -5.17551e-05, -7.33737e-05, 5.77358e-05,4.44089e-16, -4.16334e-17, -2.22045e-16, -9.02056e-17
-500, -500, -300, -500,2,10.1095, -2.68325, -3.84777, 3.02976,4.44089e-16, 4.16334e-17, 4.44089e-16, 1.38778e-17
-500, -500, -300, -300,2,10, 5.17551e-05, 7.33737e-05, -5.77358e-05,0, -2.08167e-17, -4.44089e-16, -2.77556e-17
-500, -500, -300, -100,2,-10, -5.17551e-05, -7.33737e-05, 5.77358e-05,-2.22045e-16, 0, -2.22045e-16, 0
-500, -500, -300, 100,2,-10, -5.17551e-05, -7.33737e-05, 5.77358e-05,6.66134e-16, 1.38778e-17, -4.44089e-16, -6.93889e-18
-500, -500, -300, 300,2,-10, -5.17551e-05, -7.33737e-05, 5.77358e-05,2.22045e-16, 1.38778e-17, 2.22045e-16, 1.38778e-17
-500, -500, -100, -500,2,-10.1095, 2.68325, 3.84777, -3.02976,0, 2.08167e-17, 6.66134e-16, -6.93889e-18
-500, -500, -100, -300,2,-10.1095, 2.68325, 3.84777, -3.02976,-2.22045e-16, -5.55112e-17, 0, 6.93889e-18
-500, -500, -100, -100,2,-10, -5.17551e-05, -7.33737e-05, 5.77358e-05,2.22045e-16, -1.8735e-16, 6.66134e-16, -2.01228e-16
-500, -500, -100, 100,2,10.1095, -2.68325, -3.84777, 3.02976,8.88178e-16, 6.93889e-17, 2.22045e-16, 5.55112e-17
-500, -500, -100, 300,2,-10.1095, 2.68325, 3.84777, -3.02976,0, -1.38778e-17, 4.44089e-16, -2.77556e-17
-500, -500, 100, -500,2,-10.1095, 2.68325, 3.84777, -3.02976,-4.44089e-16, 0, -2.22045e-16, 2.08167e-17
-500, -500, 100, -300,2,-10.1095, 2.68325, 3.84777, -3.02976,-6.66134e-16, 0, 0, -4.16334e-17
-500, -500, 100, -100,2,-10, -5.17551e-05, -7.33737e-05, 5.77358e-05,4.44089e-16, 1.38778e-17, 2.22045e-16, 1.38778e-17
-500, -500, 100, 100,2,-10.1095, 2.68325, 3.84777, -3.02976,0, -2.77556e-17, -4.44089e-16, 6.93889e-18
-500, -500, 100, 300,2,-8.75769, 6.80062, 15.9358, -7.14067,8.88178e-16, -3.05311e-16, 8.88178e-16, -3.46945e-16
-500, -500, 300, -500,2,-10.1095, 2.68325, 3.84777, -3.02976,0, 1.38778e-17, -6.66134e-16, 2.77556e-17
-500, -500, 300, -300,2,-10.1095, 2.68325, 3.84777, -3.02976,-4.44089e-16, -2.22045e-16, 2.22045e-16, -2.42861e-16
-500, -500, 300, -100,2,-10, -5.17551e-05, -7.33737e-05, 5.77358e-05,0, -6.93889e-18, 0, 6.93889e-18
-500, -500, 300, 100,2,-10.1095, 2.68325, 3.84777, -3.02976,-2.22045e-16, -3.46945e-17, 8.88178e-16, 0
-500, -500, 300, 300,2,-8.75769, 6.80062, 15.9358, -7.14067,8.88178e-16, -2.77556e-17, 3.9968e-15, -4.57967e-16
-500, -300, -500, -500,2,-10.1095, 2.68325, 3.84777, -3.02976,-4.44089e-16, -2.77556e-17, 4.44089e-16, 0
-500, -300, -500, -300,2,-10.1095, 2.68325, 3.84777, -3.02976,-2.22045e-16, 4.16334e-17, 2.22045e-16, -1.38778e-17
-500, -300, -500, -100,2,-10.1095, 2.68325, 3.84777, -3.02976,-2.22045e-16, 4.16334e-17, 0, -6.93889e-18
-500, -300, -500, 100,2,-10, -5.17551e-05, -7.33737e-05, 5.77358e-05,-2.22045e-16, 6.93889e-18, -4.44089e-16, -2.77556e-17
-500, -300, -500, 300,2,-10, -5.17551e-05, -7.33737e-05, 5.77358e-05,0, 1.38778e-17, 0, 1.38778e-17
-500, -300, -300, -500,2,-10.1095, 2.68325, 3.84777, -3.02976,0, -2.77556e-17, 0, -6.93889e-18
-500, -300, -300, -300,2,-10.1095, 2.68325, 3.84777, -3.02976,-4.44089e-16, 2.77556e-17, 2.22045e-16, 1.38778e-17
-500, -300, -300, -100,2,-10, -5.17551e-05, -7.33737e-05, 5.77358e-05,-6.66134e-16, -2.08167e-17, 2.22045e-16, 1.38778e-17
-500, -300, -300, 100,2,-10, -5.17551e-05, -7.33737e-05, 5.77358e-05,4.44089e-16, 6.93889e-18, 6.66134e-16, 6.93889e-18
-500, -300, -300, 300,2,-10.1095, 2.68325, 3.84777, -3.02976,8.88178e-16, 1.38778e-17, 0, -4.16334e-17
-500, -300, -100, -500,2,10.1095, -2.68325, -3.84777, 3.02976,4.44089e-16, 4.16334e-17, 2.22045e-16, -3.46945e-17
-500, -300, -100, -300,2,-10, -5.17551e-05, -7.33737e-05, 5.77358e-05,-4.44089e-16, -6.93889e-18, 2.22045e-16, -6.93889e-18
-500, -300, -100, -100,2,-10, -5.17551e-05, -7.33737e-05, 5.77358e-05,-2.22045e-16, -6.93889e-18, 0, 0
-500, -300, -100, 100,2,10, 5.17551e-05, 7.33737e-05, -5.77358e-05,0, 6.93889e-18, 0, -2.08167e-17
-500, -300, -100, 300,2,-10.1095, 2.68325, 3.84777, -3.02976,4.44089e-16, 4.85723e-17, 4.44089e-16, 3.46945e-17
-500, -300, 100, -500,2,-10.1095, 2.68325, 3.84777, -3.02976,0, 2.77556e-17, 0, 0
-500, -300, 100, -300,2,-10.1095, 2.68325, 3.84777, -3.02976,0, 1.38778e-17, 0, 6.93889e-18
-500, -300, 100, -100,2,-10.1095, 2.68325, 3.84777, -3.02976,4.44089e-16, 6.93889e-18, -2.22045e-16, -6.245e-17
-500, -300, 100, 100,2,-10.1095, 2.68325, 3.84777, -3.02976,-4.44089e-16, 0, 8.88178e-16, 1.38778e-17
-500, -300, 100, 300,2,-10.1095, 2.68325, 3.84777, -3.02976,4.44089e-16, 1.38778e-17, 2.22045e-16, 0
-500, -300, 300, -500,2,-10.1095, 2.68325, 3.84777, -3.02976,-2.22045e-16, -5.55112e-17, 2.22045e-16, 0
-500, -300, 300, -300,2,-10.1095, 2.68325, 3.84777, -3.02976,-4.44089e-16, -1.38778e-17, 4.44089e-16, 3.46945e-17
-500, -300, 300, -100,2,-10.1095, 2.68325, 3.84777, -3.02976,-8.88178e-16, -2.77556e-17, 4.44089e-16, 0
-500, -300, 300, 100,2,-8.44639, 7.07055, 16.9179, -7.03898,0.00270534, -0.0237654, -0.000897268, -0.0253357
-500, -300, 300, 300,2,-10.1095, 2.68325, 3.84777, -3.02976,2.22045e-16, 1.38778e-17, 8.88178e-16, 1.38778e-17
-500, -100, -500, -500,2,-8.75769, 6.80062, 15.9358, -7.14067,-6.66134e-16, 3.60822e-16, -2.22045e-15, 1.1241e-15
-500, -100, -500, -300,2,-10.1095, 2.68325, 3.84777, -3.02976,0, -2.77556e-17, 0, 1.38778e-17
-500, -100, -500, -100,2,-10.1095, 2.68325, 3.84777, -3.02976,-4.44089e-16, -1.38778e-17, 0, 5.55112e-17
-500, -100, -500, 100,2,-10, -5.17551e-05, -7.33737e-05, 5.77358e-05,0, 1.38778e-17, -2.22045e-16, -1.38778e-17
-500, -100, -500, 300,2,-10, -5.17551e-05, -7.33737e-05, 5.77358e-05,-2.22045e-16, -6.93889e-18, -6.66134e-16, -2.08167e-17
-500, -100, -300, -500,2,-10.1095, 2.68325, 3.84777, -3.02976,-6.66134e-16, 2.77556e-17, 2.22045e-16, 3.46945e-17
-500, -100, -300, -300,2,-10.1095, 2.68325, 3.84777, -3.02976,2.22045e-16, -4.16334e-17, 2.22045e-16, -1.38778e-17
-500, -100, -300, -100,2,-10.1095, 2.68325, 3.84777, -3.02976,8.88178e-16, 2.08167e-17, 0, -1.38778e-17
-500, -100, -300, 100,2,-10, -5.17551e-05, -7.33737e-05, 5.77358e-05,0, 0, 0, 2.08167e-17
-500, -100, -300, 300,2,-10, -5.17551e-05, -7.33737e-05, 5.77358e-05,-4.44089e-16, 0, 4.44089e-16, -6.93889e-18
-500, -100, -100, -500,2,-10.1095, 2.68325, 3.84777, -3.02976,6.66134e-16, -5.55112e-17, -2.22045e-16, 1.38778e-17
-500, -100, -100, -300,2,-10.1095, 2.68325, 3.84777, -3.02976,-2.22045e-16, -6.93889e-17, 2.22045e-16, -2.77556e-17
-500, -100, -100, -100,2,-10, -5.17551e-05, -7.33737e-05, 5.77358e-05,0, -6.93889e-18, 0, 0
-500, -100, -100, 100,2,-10, -5.17551e-05, -7.33737e-05, 5.77358e-05,4.44089e-16, 2.08167e-17, 0, 6.93889e-18
-500, -100, -100, 300,2,-10, -5.17551e-05, -7.33737e-05, 5.77358e-05,2.22045e-16, 2.08167e-17, -2.22045e-16, 1.38778e-17
-500, -100, 100, -500,2,-10, -5.17551e-05, -7.33737e-05, 5.77358e-05,-4.44089e-16, 0, 4.44089e-16, 0
-500, -100, 100, -300,2,-10, -5.17551e-05, -7.33737e-05, 5.77358e-05,-2.22045e-16, -6.93889e-18, 0, 0
-500, -100, 100, -100,2,-10, -5.17551e-05, -7.33737e-05, 5.77358e-05,-4.44089e-16, -2.77556e-17, 2.22045e-16, 6.93889e-18
-500, -100, 100, 100,2,-10.1095, 2.68325, 3.84777, -3.02976,-4.44089e-16, 1.38778e-17, 6.66134e-16, 2.77556e-17
-500, -100, 100, 300,2,10, 5.17551e-05, 7.33737e-05, -5.77358e-05,2.22045e-16, 6.93889e-18, -6.66134e-16, -6.93889e-18
-500, -100, 300, -500,2,-10.1095, 2.68325, 3.84777, -3.02976,-8.88178e-16, -6.245e-17, -2.22045e-16, -6.93889e-18
-500, -100, 300, -300,2,-10.1095, 2.68325, 3.84777, -3.02976,0, -3.33067e-16, -4.44089e-16, -4.71845e-16
-500, -100, 300, -100,2,10, 5.17551e-05, 7.33737e-05, -5.77358e-05,4.44089e-16, 6.93889e-18, 2.22045e-16, 0
-500, -100, 300, 100,2,-10.1095, 2.68325, 3.84777, -3.02976,-8.88178e-16, -2.77556e-17, 0, 1.38778e-17
-500, -100, 300, 300,2,10, 5.17551e-05, 7.33737e-05, -5.77358e-05,-4.44089e-16, -1.38778e-17, -4.44089e-16, -1.38778e-17
-500, 100, -500, -500,2,-10.1095, 2.68325, 3.84777, -3.02976,8.88178e-16, -1.38778e-17, 0, 3.46945e-17
-500, 100, -500, -300,2,-10.1095, 2.68325, 3.84777, -3.02976,0, 0, -2.22045e-16, -2.08167e-17
-500, 100, -500, -100,2,-10.1095, 2.68325, 3.84777, -3.02976,4.44089e-16, 0, -4.44089e-16, -2.08167e-17
-500, 100, -500, 100,2,-10.1095, 2.68325, 3.84777, -3.02976,2.22045e-16, 2.77556e-17, -4.44089e-16, 0
-500, 100, -500, 300,2,-10.1095, 2.68325, 3.84777, -3.02976,0, -6.93889e-18, 0, -6.93889e-18
-500, 100, -300, -500,2,-10.1095, 2.68325, 3.84777, -3.02976,-4.44089e-16, -3.46945e-17, 4.44089e-16, 4.85723e-17
-500, 100, -300, -300,2,-10.1095, 2.68325, 3.84777, -3.02976,-4.44089e-16, 1.38778e-17, 0, 2.77556e-17
-500, 100, -300, -100,2,-10.1095, 2.68325, 3.84777, -3.02976,-1.33227e-15, 6.245e-17, -2.22045e-16, -2.77556e-17
-500, 100, -300, 100,2,-10.1095, 2.68325, 3.84777, -3.02976,0, -4.16334e-17, 0, -2.08167e-17
-500, 100, -300, 300,2,-10.1095, 2.68325, 3.84777, -3.02976,8.88178e-16, -2.77556e-17, -4.44089e-16, -4.16334e-17
-500, 100, -100, -500,2,-10.1095, 2.68325, 3.84777, -3.02976,0, -1.38778e-16, 4.44089e-16, -1.59595e-16
-500, 100, -100, -300,2,-10, -5.17551e-05, -7.33737e-05, 5.77358e-05,-4.44089e-16, -1.38778e-17, 0, 0
-500, 100, -100, -100,2,-10.1095, 2.68325, 3.84777, -3.02976,-4.44089e-16, -6.93889e-17, 0, 6.93889e-18
-500, 100, -100, 100,2,-10.1095, 2.68325, 3.84777, -3.02976,1.11022e-15, -4.16334e-17, 0, -6.93889e-18
-500, 100, -100, 300,2,-10, -5.17551e-05, -7.33737e-05, 5.77358e-05,0, -6.93889e-18, 0, -6.93889e-18
-500, 100, 100, -500,2,-8.75769, 6.80062, 15.9358, -7.14067,-4.44089e-16, 0, 6.21725e-15, -5.13478e-16
-500, 100, 100, -300,2,-10.1095, 2.68325, 3.84777, -3.02976,4.44089e-16, -9.71445e-17, 0, -1.38778e-16
-500, 100, 100, -100,2,-10.1095, 2.68325, 3.84777, -3.02976,0, -6.93889e-17, 4.44089e-16, 1.38778e-17
-500, 100, 100, 100,2,-10, -5.17551e-05, -7.33737e-05, 5.77358e-05,4.44089e-16, 0, 2.22045e-16, 0
-500, 100, 100, 300,1,9.93184, -10.0913, -15.8536, 9.96952,-0.00359148, -0.0359128, 0.00552296, 0.00790748
-500, 100, 300, -500,2,-10.1095, 2.68325, 3.84777, -3.02976,8.88178e-16, 3.46945e-17, 2.22045e-16, 2.08167e-17
-500, 100, 300, -300,2,-10.1095, 2.68325, 3.84777, -3.02976,-4.44089e-16, -6.93889e-18, 0, -2.77556e-17
-500, 100, 300, -100,2,-10, -5.17551e-05, -7.33737e-05, 5.77358e-05,2.22045e-16, 0, 6.66134e-16, 0
-500, 100, 300, 100,2,10, 5.17551e-05, 7.33737e-05, -5.77358e-05,-2.22045e-16, -1.38778e-17, 4.44089e-16, 2.08167e-17
-500, 100, 300, 300,2,-10.1095, 2.68325, 3.84777, -3.02976,-6.66134e-16, -1.38778e-17, 6.66134e-16, 0
-500, 300, -500, -500,2,-10.1095, 2.68325, 3.84777, -3.02976,0, 5.55112e-17, 2.22045e-16, -1.38778e-17
-500, 300, -500, -300,2,10.1095, -2.68325, -3.84777, 3.02976,-2.22045e-16, -5.55112e-17, 6.66134e-16, 1.38778e-17
-500, 300, -500, -100,2,-10.1095, 2.68325, 3.84777, -3.02976,4.44089e-16, -6.245e-17, 4.44089e-16, -6.93889e-18
-500, 300, -500, 100,2,-10.1095, 2.68325, 3.84777, -3.02976,4.44089e-16, 4.16334e-17, -4.44089e-16, 2.77556e-17
-500, 300, -500, 300,2,-10.1095, 2.68325, 3.84777, -3.02976,2.22045e-16, -6.93889e-17, 2.22045e-16, 6.93889e-18
-500, 300, -300, -500,2,-10.1095, 2.68325, 3.84777, -3.02976,-4.44089e-16, -4.16334e-17, 0, 3.46945e-17
-500, 300, -300, -300,2,10.1095, -2.68325, -3.84777, 3.02976,-2.22045e-16, 6.245e-17, 0, 0
-500, 300, -300, -100,2,-10.1095, 2.68325, 3.84777, -3.02976,0, 1.38778e-17, 8.88178e-16, 4.85723e-17
-500, 300, -300, 100,2,-10.1095, 2.68325, 3.84777, -3.02976,2.22045e-16, 1.38778e-17, 4.44089e-16, 3.46945e-17
-500, 300, -300, 300,2,-10.1095, 2.68325, 3.84777, -3.02976,-2.22045e-16, -1.38778e-17, 0, 2.08167e-17
-500, 300, -100, -500,2,-10.1095, 2.68325, 3.84777, -3.02976,0, -3.46945e-17, 8.88178e-16, 0
-500, 300, -100, -300,2,10.1095, -2.68325, -3.84777, 3.02976,-4.44089e-16, 6.93889e-18, 0, 6.93889e-18
-500, 300, -100, -100,2,-10.1095, 2.68325, 3.84777, -3.02976,-2.22045e-16, -2.77556e-17, -2.22045e-16, -4.16334e-17
-500, 300, -100, 100,2,-10.1095, 2.68325, 3.84777, -3.02976,2.22045e-16, 1.38778e-17, 0, 6.93889e-17
-500, 300, -100, 300,2,-8.75769, 6.80062, 15.9358, -7.14067,1.33227e-15, 1.66533e-16, 1.77636e-15, -1.38778e-17
-500, 300, 100, -500,2,-10.1095, 2.68325, 3.84777, -3.02976,0, 0, 0, 6.93889e-18
-500, 300, 100, -300,2,10.1095, -2.68325, -3.84777, 3.02976,0, -2.77556e-17, 2.22045e-16, -1.38778e-17
-500, 300, 100, -100,2,-10.1095, 2.68325, 3.84777, -3.02976,8.88178e-16, -4.16334e-17, 4.44089e-16, -2.08167e-17
-500, 300, 100, 100,2,-10.1095, 2.68325, 3.84777, -3.02976,0, -4.85723e-17, -4.44089e-16, 0
-500, 300, 100, 300,2,-10.1095, 2.68325, 3.84777, -3.02976,-2.22045e-16, 4.16334e-17, 2.22045e-16, -2.08167e-17
-500, 300, 300, -500,2,-10.1095, 2.68325, 3.84777, -3.02976,6.66134e-16, 6.93889e-18, 0, -2.77556e-17
-500, 300, 300, -300,2,10.1095, -2.68325, -3.84777, 3.02976,6.66134e-16, -8.32667e-17, 6.66134e-16, 0
-500, 300, 300, -100,2,-10.1095, 2.68325, 3.84777, -3.02976,-4.44089e-16, 0, 2.22045e-16, 5.55112e-17
-500, 300, 300, 100,2,-10.1095, 2.68325, 3.84777, -3.02976,0, 3.46945e-17, 2.22045e-16, -1.38778e-17
-500, 300, 300, 300,2,-10.1095, 2.68325, 3.84777, -3.02976,-4.44089e-16, -3.46945e-17, 8.88178e-16, 2.77556e-17
-300, -500, -500, -500,2,-10.1095, 2.68325, 3.84777, -3.02976,-4.44089e-16, -2.77556e-17, 0, 1.38778e-17
-300, -500, -500, -300,2,-10.1095, 2.68325, 3.84777, -3.02976,0, -6.93889e-17, 2.22045e-16, -1.38778e-17
-300, -500, -500, -100,2,-10.1095, 2.68325, 3.84777, -3.02976,0, -6.93889e-18, -6.66134e-16, 2.77556e-17
-300, -500, -500, 100,2,-10, -5.17551e-05, -7.33737e-05, 5.77358e-05,2.22045e-16, 0, 0, 6.93889e-18
-300, -500, -500, 300,2,-10, -5.17551e-05, -7.33737e-05, 5.77358e-05,-2.22045e-16, -6.93889e-18, 0, 1.38778e-17
-300, -500, -300, -500,2,-10.1095, 2.68325, 3.84777, -3.02976,0, -1.38778e-17, 0, 2.77556e-17
-300, -500, -300, -300,2,10.1095, -2.68325, -3.84777, 3.02976,6.66134e-16, -1.38778e-17, 4.44089e-16, -2.77556e-17
-300, -500, -300, -100,2,10.1095, -2.68325, -3.84777, 3.02976,-2.22045e-16, 3.46945e-17, -4.44089e-16, -4.16334e-17
-300, -500, -300, 100,2,10, 5.17551e-05, 7.33737e-05, -5.77358e-05,-4.44089e-16, -1.38778e-17, 2.22045e-16, 0
-300, -500, -300, 300,2,-10, -5.17551e-05, -7.33737e-05, 5.77358e-05,-2.22045e-16, -6.93889e-18, 8.88178e-16, 2.08167e-17
-300, -500, -100, -500,2,-10.1095, 2.68325, 3.84777, -3.02976,-6.66134e-16, -2.08167e-17, 2.22045e-16, 2.77556e-17
-300, -500, -100, -300,2,-10.1095, 2.68325, 3.84777, -3.02976,-2.22045e-16, 8.32667e-17, 4.44089e-16, 3.46945e-17
-300, -500, -100, -100,2,-10.1095, 2.68325, 3.84777, -3.02976,-4.44089e-16, -7.63278e-17, 4.44089e-16, 3.46945e-17
-300, -500, -100, 100,2,-10, -5.17551e-05, -7.33737e-05, 5.77358e-05,2.22045e-16, 0, 4.44089e-16, 1.38778e-17
-300, -500, -100, 300,2,-10.1095, 2.68325, 3.84777, -3.02976,2.22045e-16, -2.08167e-17, -2.22045e-16, -5.55112e-17
-300, -500, 100, -500,2,-10, -5.17551e-05, -7.33737e-05, 5.77358e-05,-4.44089e-16, 0, 0, 0
-300, -500, 100, -300,2,-10, -5.17551e-05, -7.33737e-05, 5.77358e-05,-4.44089e-16, -6.93889e-18, 0, 0
-300, -500, 100, -100,2,-10.1095, 2.68325, 3.84777, -3.02976,8.88178e-16, 0, -4.44089e-16, -2.08167e-17
-300, -500, 100, 100,2,-10, -5.17551e-05, -7.33737e-05, 5.77358e-05,0, 0, 2.22045e-16, 1.38778e-17
-300, -500, 100, 300,2,-10.1095, 2.68325, 3.84777, -3.02976,-4.44089e-16, 6.93889e-18, 0, -6.93889e-18
-300, -500, 300, -500,2,-10.1095, 2.68325, 3.84777, -3.02976,0, 4.16334e-17, -2.22045e-16, 0
-300, -500, 300, -300,2,-10.1095, 2.68325, 3.84777, -3.02976,-2.22045e-16, 1.38778e-17, 8.88178e-16, 4.16334e-17
-300, -500, 300, -100,2,-10.1095, 2.68325, 3.84777, -3.02976,0, 3.46945e-17, 0, -2.77556e-17
-300, -500, 300, 100,2,-10.1095, 2.68325, 3.84777, -3.02976,0, 1.38778e-17, -2.22045e-16, -3.46945e-17
-300, -500, 300, 300,2,-10.1095, 2.68325, 3.84777, -3.02976,-4.44089e-16, -1.38778e-17, -2.22045e-16, -6.93889e-18
-300, -300, -500, -500,2,-10, -5.17551e-05, -7.33737e-05, 5.77358e-05,2.22045e-16, 0, -6.66134e-16, -1.38778e-17
-300, -300, -500, -300,2,-10.1095, 2.68325, 3.84777, -3.02976,4.44089e-16, -3.46945e-17, 0, -3.46945e-17
-300, -300, -500, -100,2,-10, -5.17551e-05, -7.33737e-05, 5.77358e-05,6.66134e-16, 6.93889e-18, 0, 0
-300, -300, -500, 100,2,-10, -5.17551e-05, -7.33737e-05, 5.77358e-05,-6.66134e-16, -1.38778e-17, 2.22045e-16, -6.93889e-18
-300, -300, -500, 300,2,-10, -5.17551e-05, -7.33737e-05, 5.77358e-05,-2.22045e-16, -1.38778e-17, 4.44089e-16, 6.93889e-18
-300, -300, -300, -500,2,-10.1095, 2.68325, 3.84777, -3.02976,-4.44089e-16, 0, 2.22045e-16, 0
-300, -300, -300, -300,2,-10.1095, 2.68325, 3.84777, -3.02976,2.22045e-16, 2.08167e-17, 4.44089e-16, 0
-300, -300, -300, -100,2,-10, -5.17551e-05, -7.33737e-05, 5.77358e-05,-2.22045e-16, -6.93889e-18, 2.22045e-16, -1.38778e-17
-300, -300, -300, 100,2,-10, -5.17551e-05, -7.33737e-05, 5.77358e-05,4.44089e-16, 1.38778e-17, 4.44089e-16, 0
-300, -300, -300, 300,2,-10.1095, 2.68325, 3.84777, -3.02976,-6.66134e-16, 4.16334e-17, 4.44089e-16, 2.77556e-17
-300, -300, -100, -500,2,10, 5.17551e-05, 7.33737e-05, -5.77358e-05,2.22045e-16, 6.93889e-18, 0, -6.93889e-18
-300, -300, -100, -300,2,10, 5.17551e-05, 7.33737e-05, -5.77358e-05,-4.44089e-16, -1.38778e-17, 4.44089e-16, 1.38778e-17
-300, -300, -100, -100,2,-10, -5.17551e-05, -7.33737e-05, 5.77358e-05,2.22045e-16, 0, 6.66134e-16, 0
-300, -300, -100, 100,2,-10, -5.17551e-05, -7.33737e-05, 5.77358e-05,-4.44089e-16, -1.38778e-17, 2.22045e-16, -6.93889e-18
-300, -300, -100, 300,2,-10.1095, 2.68325, 3.84777, -3.02976,6.66134e-16, 6.93889e-18, 2.22045e-16, -2.08167e-17
-300, -300, 100, -500,2,-10.1095, 2.68325, 3.84777, -3.02976,-2.22045e-16, -3.46945e-17, 0, -6.93889e-18
-300, -300, 100, -300,2,-10.1095, 2.68325, 3.84777, -3.02976,-4.44089e-16, -2.77556e-17, -4.44089e-16, 4.16334e-17
-300, -300, 100, -100,2,-10, -5.17551e-05, -7.33737e-05, 5.77358e-05,0, -6.93889e-18, 2.22045e-16, 0
-300, -300, 100, 100,2,-10.1095, 2.68325, 3.84777, -3.02976,0, 1.38778e-17, 0, -1.38778e-17
-300, -300, 100, 300,2,-10.1095, 2.68325, 3.84777, -3.02976,0, 0, 0, 1.38778e-17
-300, -300, 300, -500,2,-10, -5.17551e-05, -7.33737e-05, 5.77358e-05,-6.66134e-16, 0, 4.44089e-16, 0
-300, -300, 300, -300,2,-10.1095, 2.68325, 3.84777, -3.02976,0, -3.46945e-17, 0, 5.55112e-17
-300, -300, 300, -100,2,-10.1095, 2.68325, 3.84777, -3.02976,2.22045e-16, 0, 6.66134e-16, 3.46945e-17
-300, -300, 300, 100,2,-10.1095, 2.68325, 3.84777, -3.02976,6.66134e-16, -6.93889e-18, 0, 6.93889e-18
-300, -300, 300, 300,2,-10.1095, 2.68325, 3.84777, -3.02976,6.66134e-16, 6.245e-17, -2.22045e-16, 1.38778e-17
-300, -100, -500, -500,2,-10, -5.17551e-05, -7.33737e-05, 5.77358e-05,0, -2.08167e-17, 8.88178e-16, 1.38778e-17
-300, -100, -500, -300,2,-8.75769, 6.80062, 15.9358, -7.14067,-1.77636e-15, -2.498e-16, 1.77636e-15, -1.38778e-17
-300, -100, -500, -100,2,-10.1095, 2.68325, 3.84777, -3.02976,2.22045e-16, -2.77556e-17, 2.22045e-16, 0
-300, -100, -500, 100,2,-10.1095, 2.68325, 3.84777, -3.02976,-2.22045e-16, -6.93889e-17, 4.44089e-16, 2.77556e-17
-300, -100, -500, 300,2,-10.1095, 2.68325, 3.84777, -3.02976,4.44089e-16, 0, 6.66134e-16, 3.46945e-17
-300, -100, -300, -500,2,-10, -5.17551e-05, -7.33737e-05, 5.77358e-05,-2.22045e-16, 0, 0, 2.08167e-17
-300, -100, -300, -300,2,-10.1095, 2.68325, 3.84777, -3.02976,6.66134e-16, 6.93889e-17, -2.22045e-16, -1.38778e-17
-300, -100, -300, -100,2,-10.1095, 2.68325, 3.84777, -3.02976,-4.44089e-16, -8.32667e-17, 6.66134e-16, 2.77556e-17
-300, -100, -300, 100,2,-10, -5.17551e-05, -7.33737e-05, 5.77358e-05,-2.22045e-16, -6.93889e-18, 2.22045e-16, 6.93889e-18
-300, -100, -300, 300,2,-10, -5.17551e-05, -7.33737e-05, 5.77358e-05,-6.66134e-16, -6.93889e-18, -2.22045e-16, -1.38778e-17
-300, -100, -100, -500,2,-10.1095, 2.68325, 3.84777, -3.02976,-4.44089e-16, 6.93889e-18, 4.44089e-16, 4.16334e-17
-300, -100, -100, -300,2,-10, -5.17551e-05, -7.33737e-05, 5.77358e-05,-8.88178e-16, -2.08167e-17, -4.44089e-16, -6.93889e-18
-300, -100, -100, -100,2,-10.1095, 2.68325, 3.84777, -3.02976,4.44089e-16, -3.46945e-17, 0, -1.38778e-17
-300, -100, -100, 100,2,-10, -5.17551e-05, -7.33737e-05, 5.77358e-05,-6.66134e-16, -2.08167e-17, -2.22045e-16, 6.93889e-18
-300, -100, -100, 300,2,-10, -5.17551e-05, -7.33737e-05, 5.77358e-05,-2.22045e-16, 0, -2.22045e-16, -1.38778e-17
-300, -100, 100, -500,2,-10.1095, 2.68325, 3.84777, -3.02976,-8.88178e-16, 2.77556e-17, -2.22045e-16, 6.93889e-18
-300, -100, 100, -300,2,-10.1095, 2.68325, 3.84777, -3.02976,4.44089e-16, 2.77556e-17, 2.22045e-16, -1.38778e-17
-300, -100, 100, -100,2,-8.75769, 6.80062, 15.9358, -7.14067,-4.44089e-15, -5.55112e-17, 4.44089e-16, -7.35523e-16
-300, -100, 100, 100,2,-10.1095, 2.68325, 3.84777, -3.02976,2.22045e-16, -2.08167e-17, 0, 9.71445e-17
-300, -100, 100, 300,2,-8.75769, 6.80062, 15.9358, -7.14067,0, -3.88578e-16, -3.55271e-15, -1.29063e-15
-300, -100, 300, -500,2,-10, -5.17551e-05, -7.33737e-05, 5.77358e-05,0, -1.38778e-17, -2.22045e-16, -6.93889e-18
-300, -100, 300, -300,2,-10.1095, 2.68325, 3.84777, -3.02976,2.22045e-16, -1.249e-16, 0, -1.52656e-16
-300, -100, 300, -100,2,-10.1095, 2.68325, 3.84777, -3.02976,8.88178e-16, -1.38778e-17, 2.22045e-16, -6.93889e-18
-300, -100, 300, 100,2,-10.1095, 2.68325, 3.84777, -3.02976,0, 1.38778e-17, 0, 0
-300, -100, 300, 300,2,-10.1095, 2.68325, 3.84777, -3.02976,2.22045e-16, -4.85723e-17, 8.88178e-16, 0
-300, 100, -500, -500,2,-10.1095, 2.68325, 3.84777, -3.02976,-4.44089e-16, 5.55112e-17, 0, 0
-300, 100, -500, -300,2,-10.1095, 2.68325, 3.84777, -3.02976,4.44089e-16, 2.08167e-17, 2.22045e-16, 1.38778e-17
-300, 100, -500, -100,2,10, 5.17551e-05, 7.33737e-05, -5.77358e-05,2.22045e-16, 6.93889e-18, 4.44089e-16, 2.08167e-17
-300, 100, -500, 100,2,-10.1095, 2.68325, 3.84777, -3.02976,4.44089e-16, 0, -2.22045e-16, 3.46945e-17
-300, 100, -500, 300,2,-10.1095, 2.68325, 3.84777, -3.02976,6.66134e-16, 1.38778e-17, 0, 0
-300, 100, -300, -500,2,-10.1095, 2.68325, 3.84777, -3.02976,-6.66134e-16, -2.08167e-17, 4.44089e-16, 4.16334e-17
-300, 100, -300, -300,2,-10.1095, 2.68325, 3.84777, -3.02976,-6.66134e-16, -1.38778e-17, 0, -3.46945e-17
-300, 100, -300, -100,2,8.75769, -6.80062, -15.9358, 7.14067,-2.22045e-15, 2.77556e-16, -3.10862e-15, 6.93889e-17
-300, 100, -300, 100,2,-10.1095, 2.68325, 3.84777, -3.02976,0, 3.46945e-17, -8.88178e-16, 1.38778e-17
-300, 100, -300, 300,2,-10.1095, 2.68325, 3.84777, -3.02976,2.22045e-16, -1.38778e-17, 0, -6.93889e-18
-300, 100, -100, -500,2,-10, -5.17551e-05, -7.33737e-05, 5.77358e-05,0, -1.38778e-17, 0, 2.08167e-17
-300, 100, -100, -300,2,-10.1095, 2.68325, 3.84777, -3.02976,2.22045e-16, 2.77556e-17, 4.44089e-16, -2.77556e-17
-300, 100, -100, -100,2,-10.1095, 2.68325, 3.84777, -3.02976,-8.88178e-16, 3.46945e-17, 0, -1.38778e-17
-300, 100, -100, 100,2,-10.1095, 2.68325, 3.84777, -3.02976,0, 0, 0, 0
-300, 100, -100, 300,2,-10.1095, 2.68325, 3.84777, -3.02976,-4.44089e-16, -2.77556e-17, -2.22045e-16, 1.38778e-17
-300, 100, 100, -500,2,10.1095, -2.68325, -3.84777, 3.02976,-4.44089e-16, -6.93889e-18, 2.22045e-16, -2.08167e-17
-300, 100, 100, -300,2,-10.1095, 2.68325, 3.84777, -3.02976,2.22045e-16, -2.77556e-17, -2.22045e-16, 2.08167e-17
-300, 100, 100, -100,2,-10.1095, 2.68325, 3.84777, -3.02976,-4.44089e-16, 1.38778e-17, 2.22045e-16, 1.38778e-17
-300, 100, 100, 100,2,10.1095, -2.68325, -3.84777, 3.02976,4.44089e-16, 4.16334e-17, 4.44089e-16, 6.93889e-18
-300, 100, 100, 300,2,-10.1095, 2.68325, 3.84777, -3.02976,-2.22045e-16, -2.77556e-17, 0, -6.93889e-18
-300, 100, 300, -500,2,-10, -5.17551e-05, -7.33737e-05, 5.77358e-05,-2.22045e-16, 6.93889e-18, -2.22045e-16, -2.77556e-17
-300, 100, 300, -300,2,-10.1095, 2.68325, 3.84777, -3.02976,2.22045e-16, -2.77556e-17, 4.44089e-16, -6.93889e-18
-300, 100, 300, -100,2,-10.1095, 2.68325, 3.84777, -3.02976,0, -1.38778e-17, 0, 6.93889e-18
-300, 100, 300, 100,2,-10, -5.17551e-05, -7.33737e-05, 5.77358e-05,-4.44089e-16, -2.77556e-17, 4.44089e-16, -6.93889e-18
-300, 100, 300, 300,2,-10.1095, 2.68325, 3.84777, -3.02976,-2.22045e-16, 4.85723e-17, 0, 1.38778e-17
-300, 300, -500, -500,2,-8.75769, 6.80062, 15.9358, -7.14067,1.11022e-15, 5.82867e-16, -2.66454e-15, -1.23512e-15
-300, 300, -500, -300,2,10, 5.17551e-05, 7.33737e-05, -5.77358e-05,0, -2.01228e-16, 0, -2.08167e-16
-300, 300, -500, -100,2,-8.75769, 6.80062, 15.9358, -7.14067,-1.77636e-15, 3.33067e-16, 1.77636e-15, 2.08167e-16
-300, 300, -500, 100,2,-10.1095, 2.68325, 3.84777, -3.02976,-8.88178e-16, 2.77556e-17, 4.44089e-16, 2.77556e-17
-300, 300, -500, 300,2,-10.1095, 2.68325, 3.84777, -3.02976,4.44089e-16, 6.93889e-17, -4.44089e-16, -2.77556e-17
-300, 300, -300, -500,2,-10, -5.17551e-05, -7.33737e-05, 5.77358e-05,-2.22045e-16, 6.93889e-18, -4.44089e-16, -6.93889e-18
-300, 300, -300, -300,2,10.1095, -2.68325, -3.84777, 3.02976,-4.44089e-16, 2.77556e-17, 4.44089e-16, 1.38778e-17
-300, 300, -300, -100,2,-10, -5.17551e-05, -7.33737e-05, 5.77358e-05,4.44089e-16, -6.93889e-18, 2.22045e-16, 0
-300, 300, -300, 100,2,-10.1095, 2.68325, 3.84777, -3.02976,-2.22045e-16, -6.93889e-18, -2.22045e-16, -1.38778e-17
-300, 300, -300, 300,2,-10.1095, 2.68325, 3.84777, -3.02976,-4.44089e-16, -6.245e-17, 4.44089e-16, -1.38778e-17
-300, 300, -100, -500,2,-10.1095, 2.68325, 3.84777, -3.02976,0, 1.38778e-17, 2.22045e-16, 0
-300, 300, -100, -300,2,10.1095, -2.68325, -3.84777, 3.02976,-8.88178e-16, 0, 0, -6.93889e-18
-300, 300, -100, -100,2,-8.75769, 6.80062, 15.9358, -7.14067,-2.22045e-15, -3.88578e-16, 8.88178e-16, 1.1241e-15
-300, 300, -100, 100,2,-10, -5.17551e-05, -7.33737e-05, 5.77358e-05,-6.66134e-16, 0, 4.44089e-16, 1.38778e-17
-300, 300, -100, 300,2,-10, -5.17551e-05, -7.33737e-05, 5.77358e-05,-2.22045e-16, -2.08167e-17, -4.44089e-16, 6.93889e-18
-300, 300, 100, -500,2,-10.1095, 2.68325, 3.84777, -3.02976,-6.66134e-16, 4.16334e-17, -2.22045e-16, 1.38778e-17
-300, 300, 100, -300,1,9.93178, -10.0912, -15.8536, 9.96945,-0.00359112, -0.0359129, 0.00552258, 0.00790703
-300, 300, 100, -100,2,-10.1095, 2.68325, 3.84777, -3.02976,-4.44089e-16, -4.85723e-17, 0, -2.08167e-17
-300, 300, 100, 100,2,-10.1095, 2.68325, 3.84777, -3.02976,-4.44089e-16, -2.77556e-17, 0, 0
-300, 300, 100, 300,2,-10.1095, 2.68325, 3.84777, -3.02976,0, 4.16334e-17, 0, 2.77556e-17
-300, 300, 300, -500,2,10.1095, -2.68325, -3.84777, 3.02976,-2.22045e-16, -1.38778e-17, 4.44089e-16, -1.38778e-17
-300, 300, 300, -300,2,10.1095, -2.68325, -3.84777, 3.02976,-4.44089e-16, 0, 4.44089e-16, 4.16334e-17
-300, 300, 300, -100,2,-10.1095, 2.68325, 3.84777, -3.02976,-2.22045e-16, 1.38778e-17, 0, -4.85723e-17
-300, 300, 300, 100,2,-10.1095, 2.68325, 3.84777, -3.02976,2.22045e-16, 4.16334e-17, -2.22045e-16, -2.08167e-17
-300, 300, 300, 300,2,-10.1095, 2.68325, 3.84777, -3.02976,-8.88178e-16, 2.77556e-17, -4.44089e-16, 1.38778e-17
-100, -500, -500, -500,2,-10.1095, 2.68325, 3.84777, -3.02976,-6.66134e-16, 4.16334e-17, -4.44089e-16, 6.93889e-18
-100, -500, -500, -300,2,-10.1095, 2.68325, 3.84777, -3.02976,2.22045e-16, 0, -2.22045e-16, -3.46945e-17
-100, -500, -500, -100,2,-8.75769, 6.80062, 15.9358, -7.14067,-1.55431e-15, 7.77156e-16, -4.44089e-15, -2.08167e-16
-100, -500, -500, 100,2,-10, -5.17551e-05, -7.33737e-05, 5.77358e-05,2.22045e-16, 1.38778e-17, 0, 0
-100, -500, -500, 300,2,10.1095, -2.68325, -3.84777, 3.02976,-2.22045e-16, 5.55112e-17, 0, 1.38778e-17
-100, -500, -300, -500,2,-10.1095, 2.68325, 3.84777, -3.02976,4.44089e-16, 6.245e-17, 2.22045e-16, -4.16334e-17
-100, -500, -300, -300,2,-10.1095, 2.68325, 3.84777, -3.02976,1.33227e-15, 5.55112e-17, 4.44089e-16, 3.46945e-17
-100, -500, -300, -100,2,-10.1095, 2.68325, 3.84777, -3.02976,4.44089e-16, 4.85723e-17, -6.66134e-16, 0
-100, -500, -300, 100,2,-10, -5.17551e-05, -7.33737e-05, 5.77358e-05,2.22045e-16, -2.08167e-17, 4.44089e-16, 0
-100, -500, -300, 300,2,-10.1095, 2.68325, 3.84777, -3.02976,8.88178e-16, 0, -6.66134e-16, 1.38778e-17
-100, -500, -100, -500,2,10.1095, -2.68325, -3.84777, 3.02976,-4.44089e-16, -4.16334e-17, 2.22045e-16, 2.77556e-17
-100, -500, -100, -300,2,10.1095, -2.68325, -3.84777, 3.02976,-4.44089e-16, -3.46945e-17, 0, -6.245e-17
-100, -500, -100, -100,2,-10.1095, 2.68325, 3.84777, -3.02976,2.22045e-16, -2.77556e-17, 0, -1.38778e-17
-100, -500, -100, 100,2,-10, -5.17551e-05, -7.33737e-05, 5.77358e-05,-2.22045e-16, -1.38778e-17, 0, 6.93889e-18
-100, -500, -100, 300,2,-10.1095, 2.68325, 3.84777, -3.02976,0, -9.02056e-17, -2.22045e-16, -4.16334e-17
-100, -500, 100, -500,2,10.1095, -2.68325, -3.84777, 3.02976,-2.22045e-16, -6.93889e-18, -2.22045e-16, 1.38778e-17
-100, -500, 100, -300,2,-10.1095, 2.68325, 3.84777, -3.02976,0, -5.55112e-17, -2.22045e-16, 6.93889e-18
-100, -500, 100, -100,2,-10.1095, 2.68325, 3.84777, -3.02976,-8.88178e-16, 0, -4.44089e-16, -2.08167e-17
-100, -500, 100, 100,2,-10.1095, 2.68325, 3.84777, -3.02976,0, 6.93889e-18, 2.22045e-16, -4.85723e-17
-100, -500, 100, 300,2,-8.75769, 6.80062, 15.9358, -7.14067,0, 1.66533e-16, 3.9968e-15, 9.57567e-16
-100, -500, 300, -500,2,10.1095, -2.68325, -3.84777, 3.02976,-2.22045e-16, -5.55112e-17, 0, -6.93889e-17
-100, -500, 300, -300,2,10.1095, -2.68325, -3.84777, 3.02976,4.44089e-16, -1.38778e-17, -4.44089e-16, 1.38778e-17
-100, -500, 300, -100,2,-8.75769, 6.80062, 15.9358, -7.14067,0, -8.32667e-17, -1.33227e-15, -9.71445e-17
-100, -500, 300, 100,2,-10.1095, 2.68325, 3.84777, -3.02976,4.44089e-16, 0, 0, 1.38778e-17
-100, -500, 300, 300,2,-10.1095, 2.68325, 3.84777, -3.02976,-2.22045e-16, 0, -2.22045e-16, 1.38778e-17
-100, -300, -500, -500,2,-8.75769, 6.80062, 15.9358, -7.14067,6.66134e-16, 5.27356e-16, -3.10862e-15, -9.71445e-17
-100, -300, -500, -300,2,-10, -5.17551e-05, -7.33737e-05, 5.77358e-05,2.22045e-16, 0, 0, -6.93889e-18
-100, -300, -500, -100,2,-10.1095, 2.68325, 3.84777, -3.02976,4.44089e-16, -4.16334e-17, 0, -1.38778e-17
-100, -300, -500, 100,2,-10, -5.17551e-05, -7.33737e-05, 5.77358e-05,4.44089e-16, 6.93889e-18, -1.11022e-15, -2.08167e-17
-100, -300, -500, 300,2,-10.1095, 2.68325, 3.84777, -3.02976,0, 0, 4.44089e-16, 4.85723e-17
-100, -300, -300, -500,2,-8.75769, 6.80062, 15.9358, -7.14067,-6.66134e-16, -5.55112e-17, -4.44089e-15, 4.57967e-16
-100, -300, -300, -300,2,-10.1095, 2.68325, 3.84777, -3.02976,6.66134e-16, 6.93889e-17, 0, 6.93889e-18
-100, -300, -300, -100,2,-10.1095, 2.68325, 3.84777, -3.02976,0, 3.46945e-17, 0, 0
-100, -300, -300, 100,2,-10, -5.17551e-05, -7.33737e-05, 5.77358e-05,0, 6.93889e-18, 2.22045e-16, 0
-100, -300, -300, 300,2,-10.1095, 2.68325, 3.84777, -3.02976,-8.88178e-16, 2.08167e-17, 2.22045e-16, -2.08167e-17
-100, -300, -100, -500,2,-10.1095, 2.68325, 3.84777, -3.02976,-8.88178e-16, 6.93889e-18, -2.22045e-16, 6.245e-17
-100, -300, -100, -300,2,10.1095, -2.68325, -3.84777, 3.02976,-8.88178e-16, -7.63278e-17, 2.22045e-16, -1.38778e-17
-100, -300, -100, -100,2,-10, -5.17551e-05, -7.33737e-05, 5.77358e-05,-2.22045e-16, -1.38778e-17, 0, -6.93889e-18
-100, -300, -100, 100,2,-10, -5.17551e-05, -7.33737e-05, 5.77358e-05,-2.22045e-16, -6.93889e-18, -2.22045e-16, 0
-100, -300, -100, 300,2,-10.1095, 2.68325, 3.84777, -3.02976,6.66134e-16, 3.46945e-17, -6.66134e-16, -6.93889e-17
-100, -300, 100, -500,2,10.1095, -2.68325, -3.84777, 3.02976,-6.66134e-16, -2.08167e-17, -4.44089e-16, -1.38778e-17
-100, -300, 100, -300,2,8.75769, -6.80062, -15.9358, 7.14067,-1.11022e-15, -2.77556e-17, 0, -3.46945e-16
-100, -300, 100, -100,2,-10, -5.17551e-05, -7.33737e-05, 5.77358e-05,0, -6.93889e-18, 2.22045e-16, 1.38778e-17
-100, -300, 100, 100,2,-10.1095, 2.68325, 3.84777, -3.02976,-4.44089e-16, -5.55112e-17, -4.44089e-16, 3.46945e-17
-100, -300, 100, 300,2,-10.1095, 2.68325, 3.84777, -3.02976,4.44089e-16, -4.85723e-17, 0, 6.93889e-18
-100, -300, 300, -500,2,10.1095, -2.68325, -3.84777, 3.02976,4.44089e-16, -3.46945e-17, 0, 0
-100, -300, 300, -300,2,10.1095, -2.68325, -3.84777, 3.02976,4.44089e-16, 5.55112e-17, -2.22045e-16, -1.38778e-17
-100, -300, 300, -100,2,-10.1095, 2.68325, 3.84777, -3.02976,0, 3.46945e-17, 4.44089e-16, 6.93889e-17
-100, -300, 300, 100,2,-10.1095, 2.68325, 3.84777, -3.02976,4.44089e-16, 6.93889e-17, 0, 3.46945e-17
-100, -300, 300, 300,2,-8.75769, 6.80062, 15.9358, -7.14067,3.55271e-15, 2.77556e-17, -8.88178e-16, 1.17961e-15
-100, -100, -500, -500,2,-8.75769, 6.80062, 15.9358, -7.14067,-2.22045e-16, -8.60423e-16, 8.88178e-16, -1.20737e-15
-100, -100, -500, -300,2,-10.1095, 2.68325, 3.84777, -3.02976,8.88178e-16, 0, 8.88178e-16, 6.93889e-18
-100, -100, -500, -100,2,-8.75769, 6.80062, 15.9358, -7.14067,6.66134e-16, -4.71845e-16, -3.55271e-15, 5.13478e-16
-100, -100, -500, 100,2,-10.1095, 2.68325, 3.84777, -3.02976,0, 6.93889e-18, 2.22045e-16, 2.08167e-17
-100, -100, -500, 300,2,-10, -5.17551e-05, -7.33737e-05, 5.77358e-05,2.22045e-16, -6.93889e-18, 6.66134e-16, 6.93889e-18
-100, -100, -300, -500,2,-10.1095, 2.68325, 3.84777, -3.02976,4.44089e-16, -6.93889e-18, -4.44089e-16, 0
-100, -100, -300, -300,2,-10.1095, 2.68325, 3.84777, -3.02976,2.22045e-16, 0, -4.44089e-16, -8.32667e-17
-100, -100, -300, -100,2,-10.1095, 2.68325, 3.84777, -3.02976,-2.22045e-16, 1.38778e-17, -2.22045e-16, -1.38778e-17
-100, -100, -300, 100,2,-10, -5.17551e-05, -7.33737e-05, 5.77358e-05,-2.22045e-16, -6.93889e-18, 2.22045e-16, 6.93889e-18
-100, -100, -300, 300,2,-10, -5.17551e-05, -7.33737e-05, 5.77358e-05,2.22045e-16, 0, -2.22045e-16, 0
-100, -100, -100, -500,2,-10.1095, 2.68325, 3.84777, -3.02976,4.44089e-16, 0, 0, 2.77556e-17
-100, -100, -100, -300,2,-10.1095, 2.68325, 3.84777, -3.02976,2.22045e-16, -1.38778e-17, 6.66134e-16, 1.38778e-17
-100, -100, -100, -100,2,-10.1095, 2.68325, 3.84777, -3.02976,2.22045e-16, 4.16334e-17, 4.44089e-16, 3.46945e-17
-100, -100, -100, 100,2,-10.1095, 2.68325, 3.84777, -3.02976,-2.22045e-16, 2.77556e-17, 0, 0
-100, -100, -100, 300,2,-10.1095, 2.68325, 3.84777, -3.02976,8.88178e-16, 2.77556e-17, 0, 1.38778e-17
-100, -100, 100, -500,2,8.75769, -6.80062, -15.9358, 7.14067,0, -6.10623e-16, 0, -6.245e-16
-100, -100, 100, -300,2,10.1095, -2.68325, -3.84777, 3.02976,-4.44089e-16, 0, 4.44089e-16, 6.93889e-18
-100, -100, 100, -100,2,-10.1095, 2.68325, 3.84777, -3.02976,6.66134e-16, -1.11022e-16, -4.44089e-16, -1.8735e-16
-100, -100, 100, 100,2,-10.1095, 2.68325, 3.84777, -3.02976,0, 0, 6.66134e-16, 4.16334e-17
-100, -100, 100, 300,2,-10, -5.17551e-05, -7.33737e-05, 5.77358e-05,-8.88178e-16, -6.93889e-18, 0, 0
-100, -100, 300, -500,2,-10.1095, 2.68325, 3.84777, -3.02976,8.88178e-16, -7.63278e-17, 0, -5.55112e-17
-100, -100, 300, -300,2,10, 5.17551e-05, 7.33737e-05, -5.77358e-05,2.22045e-16, 6.93889e-18, -4.44089e-16, 6.93889e-18
-100, -100, 300, -100,2,-10, -5.17551e-05, -7.33737e-05, 5.77358e-05,0, 0, -2.22045e-16, 6.93889e-18
-100, -100, 300, 100,2,-8.75769, 6.80062, 15.9358, -7.14067,8.88178e-16, 8.32667e-17, 8.88178e-16, -7.07767e-16
-100, -100, 300, 300,2,-10.1095, 2.68325, 3.84777, -3.02976,-4.44089e-16, 2.77556e-17, 4.44089e-16, 0
-100, 100, -500, -500,2,-10.1095, 2.68325, 3.84777, -3.02976,4.44089e-16, -1.38778e-17, 2.22045e-16, -6.93889e-18
-100, 100, -500, -300,2,-8.75769, 6.80062, 15.9358, -7.14067,8.88178e-16, -7.21645e-16, 8.88178e-16, 4.16334e-17
-100, 100, -500, -100,2,10.1095, -2.68325, -3.84777, 3.02976,0, 6.93889e-18, 2.22045e-16, 0
-100, 100, -500, 100,2,-10.1095, 2.68325, 3.84777, -3.02976,6.66134e-16, -6.245e-17, 6.66134e-16, 6.245e-17
-100, 100, -500, 300,2,-10.1095, 2.68325, 3.84777, -3.02976,-1.11022e-15, -2.77556e-17, -6.66134e-16, -2.08167e-17
-100, 100, -300, -500,2,-10.1095, 2.68325, 3.84777, -3.02976,0, -2.08167e-17, 2.22045e-16, -4.16334e-17
-100, 100, -300, -300,2,-10.1095, 2.68325, 3.84777, -3.02976,0, -2.77556e-17, 2.22045e-16, -5.55112e-17
-100, 100, -300, -100,2,10.1095, -2.68325, -3.84777, 3.02976,0, -2.08167e-17, 2.22045e-16, -1.38778e-17
-100, 100, -300, 100,2,-10.1095, 2.68325, 3.84777, -3.02976,2.22045e-16, -4.16334e-17, -2.22045e-16, 2.77556e-17
-100, 100, -300, 300,2,-10.1095, 2.68325, 3.84777, -3.02976,-2.22045e-16, -6.93889e-17, 2.22045e-16, 6.93889e-18
-100, 100, -100, -500,2,-8.34753, 6.80843, 16.8495, -6.75636,0.00560728, -0.021247, -0.0036693, -0.0299228
-100, 100, -100, -300,2,-10.1095, 2.68325, 3.84777, -3.02976,2.22045e-16, -2.77556e-17, -4.44089e-16, -2.08167e-17
-100, 100, -100, -100,1,-9.93035, 10.0885, 15.8551, -9.96681,-0.0035839, -0.0359178, 0.00551602, 0.00789289
-100, 100, -100, 100,2,-10.1095, 2.68325, 3.84777, -3.02976,0, -2.77556e-17, -2.22045e-16, 3.46945e-17
-100, 100, -100, 300,2,10, 5.17551e-05, 7.33737e-05, -5.77358e-05,2.22045e-16, 0, 4.44089e-16, 1.38778e-17
-100, 100, 100, -500,2,10, 5.17551e-05, 7.33737e-05, -5.77358e-05,-2.22045e-16, 0, 0, 6.93889e-18
-100, 100, 100, -300,2,10.1095, -2.68325, -3.84777, 3.02976,-8.88178e-16, 2.08167e-17, -4.44089e-16, 1.38778e-17
-100, 100, 100, -100,2,10.1095, -2.68325, -3.84777, 3.02976,0, -3.46945e-17, -2.22045e-16, -2.77556e-17
-100, 100, 100, 100,2,-10.1095, 2.68325, 3.84777, -3.02976,0, -5.55112e-17, 4.44089e-16, 0
-100, 100, 100, 300,2,-10.1095, 2.68325, 3.84777, -3.02976,4.44089e-16, 6.93889e-17, -4.44089e-16, 1.38778e-17
-100, 100, 300, -500,2,10.1095, -2.68325, -3.84777, 3.02976,-2.22045e-16, 0, 2.22045e-16, 5.55112e-17
-100, 100, 300, -300,2,-10.1095, 2.68325, 3.84777, -3.02976,-6.66134e-16, -3.46945e-17, -2.22045e-16, 0
-100, 100, 300, -100,2,10, 5.17551e-05, 7.33737e-05, -5.77358e-05,-8.88178e-16, 0, -4.44089e-16, 1.38778e-17
-100, 100, 300, 100,1,-9.93015, 10.0881, 15.8553, -9.96649,-0.00358266, -0.0359185, 0.00551494, 0.00789105
-100, 100, 300, 300,2,-10.1095, 2.68325, 3.84777, -3.02976,0, 5.55112e-17, -8.88178e-16, 0
-100, 300, -500, -500,2,-10.1095, 2.68325, 3.84777, -3.02976,0, 1.38778e-17, 0, -2.08167e-17
-100, 300, -500, -300,2,10.1095, -2.68325, -3.84777, 3.02976,-2.22045e-16, 2.08167e-17, 0, 1.38778e-17
-100, 300, -500, -100,2,-10.1095, 2.68325, 3.84777, -3.02976,-4.44089e-16, 4.16334e-17, 4.44089e-16, -6.93889e-18
-100, 300, -500, 100,2,-10.1095, 2.68325, 3.84777, -3.02976,2.22045e-16, -3.46945e-17, 2.22045e-16, -1.38778e-17
-100, 300, -500, 300,2,-10.1095, 2.68325, 3.84777, -3.02976,6.66134e-16, -1.38778e-17, 0, -1.38778e-17
-100, 300, -300, -500,2,-10.1095, 2.68325, 3.84777, -3.02976,2.22045e-16, 1.38778e-17, 0, 2.77556e-17
-100, 300, -300, -300,2,10, 5.17551e-05, 7.33737e-05, -5.77358e-05,4.44089e-16, 1.38778e-17, 0, 0
-100, 300, -300, -100,2,-10, -5.17551e-05, -7.33737e-05, 5.77358e-05,0, 2.08167e-17, 0, 6.93889e-18
-100, 300, -300, 100,2,-10.1095, 2.68325, 3.84777, -3.02976,-8.88178e-16, 4.16334e-17, 4.44089e-16, 0
-100, 300, -300, 300,2,-10.1095, 2.68325, 3.84777, -3.02976,-4.44089e-16, 0, 0, -2.77556e-17
-100, 300, -100, -500,2,8.75769, -6.80062, -15.9358, 7.14067,1.77636e-15, -2.77556e-17, -4.44089e-16, -4.57967e-16
-100, 300, -100, -300,2,10, 5.17551e-05, 7.33737e-05, -5.77358e-05,2.22045e-16, 0, -2.22045e-16, -6.93889e-18
-100, 300, -100, -100,2,-10.1095, 2.68325, 3.84777, -3.02976,0, -1.38778e-17, -2.22045e-16, 0
-100, 300, -100, 100,2,-8.75769, 6.80062, 15.9358, -7.14067,4.44089e-16, -3.33067e-16, 3.55271e-15, -2.08167e-16
-100, 300, -100, 300,2,-10.1095, 2.68325, 3.84777, -3.02976,0, -2.08167e-17, 2.22045e-16, -3.46945e-17
-100, 300, 100, -500,2,10, 5.17551e-05, 7.33737e-05, -5.77358e-05,-4.44089e-16, -2.08167e-17, 6.66134e-16, 0
-100, 300, 100, -300,2,10, 5.17551e-05, 7.33737e-05, -5.77358e-05,2.22045e-16, 6.93889e-18, 2.22045e-16, 6.93889e-18
-100, 300, 100, -100,2,-10.1095, 2.68325, 3.84777, -3.02976,6.66134e-16, 0, 2.22045e-16, -2.08167e-17
-100, 300, 100, 100,2,10, 5.17551e-05, 7.33737e-05, -5.77358e-05,0, -6.93889e-18, 0, -1.38778e-17
-100, 300, 100, 300,2,10.1095, -2.68325, -3.84777, 3.02976,-6.66134e-16, -1.38778e-17, -2.22045e-16, -2.77556e-17
-100, 300, 300, -500,2,10.1095, -2.68325, -3.84777, 3.02976,0, -6.93889e-17, 0, -6.93889e-18
-100, 300, 300, -300,2,10.1095, -2.68325, -3.84777, 3.02976,0, 2.77556e-17, -2.22045e-16, -6.93889e-18
-100, 300, 300, -100,2,-10, -5.17551e-05, -7.33737e-05, 5.77358e-05,-4.44089e-16, -6.93889e-18, -2.22045e-16, 6.93889e-18
-100, 300, 300, 100,2,8.75769, -6.80062, -15.9358, 7.14067,8.88178e-16, 2.77556e-17, 3.55271e-15, -6.93889e-17
-100, 300, 300, 300,2,10.1095, -2.68325, -3.84777, 3.02976,-2.22045e-16, -4.85723e-17, -2.22045e-16, -3.46945e-17
100, -500, -500, -500,2,-10.1095, 2.68325, 3.84777, -3.02976,4.44089e-16, -1.38778e-17, 0, -5.55112e-17
100, -500, -500, -300,2,10.1095, -2.68325, -3.84777, 3.02976,6.66134e-16, -6.245e-17, -2.22045e-16, 1.38778e-17
100, -500, -500, -100,2,-10.1095, 2.68325, 3.84777, -3.02976,-2.22045e-16, -2.08167e-17, -2.22045e-16, 2.77556e-17
100, -500, -500, 100,2,-10.1095, 2.68325, 3.84777, -3.02976,6.66134e-16, 0, 0, 2.77556e-17
100, -500, -500, 300,2,-10.1095, 2.68325, 3.84777, -3.02976,0, 2.08167e-17, -2.22045e-16, 3.46945e-17
100, -500, -300, -500,2,-10.1095, 2.68325, 3.84777, -3.02976,2.22045e-16, 2.77556e-17, 4.44089e-16, 2.77556e-17
100, -500, -300, -300,2,-10.1095, 2.68325, 3.84777, -3.02976,2.22045e-16, 1.38778e-17, -2.22045e-16, -1.38778e-17
100, -500, -300, -100,2,10.1095, -2.68325, -3.84777, 3.02976,-4.44089e-16, 2.77556e-17, 2.22045e-16, -2.77556e-17
100, -500, -300, 100,2,-10.1095, 2.68325, 3.84777, -3.02976,0, -6.93889e-17, 2.22045e-16, -6.93889e-18
100, -500, -300, 300,2,-10.1095, 2.68325, 3.84777, -3.02976,0, -6.93889e-18, 4.44089e-16, -4.16334e-17
100, -500, -100, -500,2,-10.1095, 2.68325, 3.84777, -3.02976,-4.44089e-16, -3.46945e-17, 0, -1.38778e-17
100, -500, -100, -300,2,10.1095, -2.68325, -3.84777, 3.02976,2.22045e-16, 0, 2.22045e-16, -8.32667e-17
100, -500, -100, -100,2,10.1095, -2.68325, -3.84777, 3.02976,-6.66134e-16, 2.77556e-17, 2.22045e-16, 1.38778e-17
100, -500, -100, 100,2,-10.1095, 2.68325, 3.84777, -3.02976,0, 4.85723e-17, 2.22045e-16, -6.93889e-18
100, -500, -100, 300,2,-10.1095, 2.68325, 3.84777, -3.02976,4.44089e-16, -2.77556e-17, -8.88178e-16, -2.08167e-17
100, -500, 100, -500,2,10.1095, -2.68325, -3.84777, 3.02976,2.22045e-16, -9.71445e-17, 4.44089e-16, -6.245e-17
100, -500, 100, -300,2,10.1095, -2.68325, -3.84777, 3.02976,-8.88178e-16, 3.46945e-17, 2.22045e-16, 1.38778e-17
100, -500, 100, -100,2,10.1095, -2.68325, -3.84777, 3.02976,-2.22045e-16, 0, 4.44089e-16, -2.77556e-17
100, -500, 100, 100,2,10.1095, -2.68325, -3.84777, 3.02976,4.44089e-16, -6.93889e-18, 2.22045e-16, 2.08167e-17
100, -500, 100, 300,2,-10.1095, 2.68325, 3.84777, -3.02976,-2.22045e-16, 4.85723e-17, 2.22045e-16, 2.77556e-17
100, -500, 300, -500,2,10.1095, -2.68325, -3.84777, 3.02976,2.22045e-16, 6.93889e-18, 4.44089e-16, 4.16334e-17
100, -500, 300, -300,2,10.1095, -2.68325, -3.84777, 3.02976,-4.44089e-16, 1.38778e-17, -2.22045e-16, 0
100, -500, 300, -100,2,10, 5.17551e-05, 7.33737e-05, -5.77358e-05,2.22045e-16, 0, -2.22045e-16, -6.93889e-18
100, -500, 300, 100,2,10, 5.17551e-05, 7.33737e-05, -5.77358e-05,-2.22045e-16, -1.38778e-17, 2.22045e-16, 0
100, -500, 300, 300,2,10.1095, -2.68325, -3.84777, 3.02976,-2.22045e-16, 5.55112e-17, -2.22045e-16, 4.85723e-17
100, -300, -500, -500,2,-10.1095, 2.68325, 3.84777, -3.02976,0, -2.08167e-17, -4.44089e-16, -3.46945e-17
100, -300, -500, -300,2,-10.1095, 2.68325, 3.84777, -3.02976,0, -2.08167e-17, 2.22045e-16, 0
100, -300, -500, -100,2,10.1095, -2.68325, -3.84777, 3.02976,2.22045e-16, 2.77556e-17, 0, 0
100, -300, -500, 100,2,-10.1095, 2.68325, 3.84777, -3.02976,-1.33227e-15, 0, -6.66134e-16, -1.38778e-17
100, -300, -500, 300,2,-10.1095, 2.68325, 3.84777, -3.02976,8.88178e-16, 6.93889e-18, 4.44089e-16, 0
100, -300, -300, -500,2,-10.1095, 2.68325, 3.84777, -3.02976,-4.44089e-16, 0, -2.22045e-16, 3.46945e-17
100, -300, -300, -300,2,-10.1095, 2.68325, 3.84777, -3.02976,-2.22045e-16, -4.85723e-17, -2.22045e-16, -3.46945e-17
100, -300, -300, -100,2,-8.75769, 6.80062, 15.9358, -7.14067,8.88178e-16, 2.77556e-17, 3.55271e-15, -6.93889e-17
100, -300, -300, 100,2,10, 5.17551e-05, 7.33737e-05, -5.77358e-05,-4.44089e-16, -6.93889e-18, -2.22045e-16, 6.93889e-18
100, -300, -300, 300,2,-10.1095, 2.68325, 3.84777, -3.02976,0, 2.77556e-17, -2.22045e-16, -6.93889e-18
100, -300, -100, -500,2,10, 5.17551e-05, 7.33737e-05, -5.77358e-05,0, 0, 2.22045e-16, 1.38778e-17
100, -300, -100, -300,2,-10.1095, 2.68325, 3.84777, -3.02976,-6.66134e-16, -1.38778e-17, -2.22045e-16, -2.77556e-17
100, -300, -100, -100,2,-10, -5.17551e-05, -7.33737e-05, 5.77358e-05,0, -6.93889e-18, 0, -1.38778e-17
100, -300, -100, 100,2,10.1095, -2.68325, -3.84777, 3.02976,6.66134e-16, 0, 2.22045e-16, -2.08167e-17
100, -300, -100, 300,2,-10, -5.17551e-05, -7.33737e-05, 5.77358e-05,2.22045e-16, 6.93889e-18, 2.22045e-16, 6.93889e-18
100, -300, 100, -500,2,-10.1095, 2.68325, 3.84777, -3.02976,8.88178e-16, 4.16334e-17, 2.22045e-16, 0
100, -300, 100, -300,2,10.1095, -2.68325, -3.84777, 3.02976,0, -2.08167e-17, 2.22045e-16, -3.46945e-17
100, -300, 100, -100,2,8.75769, -6.80062, -15.9358, 7.14067,4.44089e-16, -3.33067e-16, 3.55271e-15, -2.08167e-16
100, -300, 100, 100,2,10.1095, -2.68325, -3.84777, 3.02976,0, -1.38778e-17, -2.22045e-16, 0
100, -300, 100, 300,2,-10, -5.17551e-05, -7.33737e-05, 5.77358e-05,2.22045e-16, 0, -2.22045e-16, -6.93889e-18
100, -300, 300, -500,2,10.1095, -2.68325, -3.84777, 3.02976,0, -2.498e-16, 2.22045e-16, -3.40006e-16
100, -300, 300, -300,2,10.1095, -2.68325, -3.84777, 3.02976,-4.44089e-16, 0, 0, -2.77556e-17
100, -300, 300, -100,2,10.1095, -2.68325, -3.84777, 3.02976,-8.88178e-16, 4.16334e-17, 4.44089e-16, 0
100, -300, 300, 100,2,10, 5.17551e-05, 7.33737e-05, -5.77358e-05,0, 2.08167e-17, 0, 6.93889e-18
100, -300, 300, 300,2,-10, -5.17551e-05, -7.33737e-05, 5.77358e-05,4.44089e-16, 1.38778e-17, 0, 0
100, -100, -500, -500,2,8.75769, -6.80062, -15.9358, 7.14067,0, 0, -8.88178e-16, 3.747e-16
100, -100, -500, -300,2,-10.1095, 2.68325, 3.84777, -3.02976,-2.22045e-16, 4.16334e-17, -2.22045e-16, 2.08167e-17
100, -100, -500, -100,2,-10.1095, 2.68325, 3.84777, -3.02976,8.88178e-16, -4.85723e-17, -6.66134e-16, -3.46945e-17
100, -100, -500, 100,2,10.1095, -2.68325, -3.84777, 3.02976,-6.66134e-16, 0, -2.22045e-16, -4.16334e-17
100, -100, -500, 300,2,10.1095, -2.68325, -3.84777, 3.02976,0, -2.77556e-17, 0, -2.77556e-17
100, -100, -300, -500,2,10.1095, -2.68325, -3.84777, 3.02976,4.44089e-16, -1.38778e-17, 4.44089e-16, 4.85723e-17
100, -100, -300, -300,2,10.1095, -2.68325, -3.84777, 3.02976,0, 5.55112e-17, -8.88178e-16, 0
100, -100, -300, -100,1,9.93015, -10.0881, -15.8553, 9.96649,-0.00358266, -0.0359185, 0.00551494, 0.00789105
100, -100, -300, 100,2,-10, -5.17551e-05, -7.33737e-05, 5.77358e-05,-8.88178e-16, 0, -4.44089e-16, 1.38778e-17
100, -100, -300, 300,2,10.1095, -2.68325, -3.84777, 3.02976,-6.66134e-16, -3.46945e-17, -2.22045e-16, 0
100, -100, -100, -500,2,10.1095, -2.68325, -3.84777, 3.02976,0, -6.93889e-18, -2.22045e-16, 2.77556e-17
100, -100, -100, -300,2,10.1095, -2.68325, -3.84777, 3.02976,4.44089e-16, 6.93889e-17, -4.44089e-16, 1.38778e-17
100, -100, -100, -100,2,10.1095, -2.68325, -3.84777, 3.02976,0, -5.55112e-17, 4.44089e-16, 0
100, -100, -100, 100,2,-10.1095, 2.68325, 3.84777, -3.02976,0, -3.46945e-17, -2.22045e-16, -2.77556e-17
100, -100, -100, 300,2,-10.1095, 2.68325, 3.84777, -3.02976,-8.88178e-16, 2.08167e-17, -4.44089e-16, 1.38778e-17
100, -100, 100, -500,2,10.1095, -2.68325, -3.84777, 3.02976,-4.44089e-16, 2.08167e-17, -6.66134e-16, -2.77556e-17
100, -100, 100, -300,2,-10, -5.17551e-05, -7.33737e-05, 5.77358e-05,2.22045e-16, 0, 4.44089e-16, 1.38778e-17
100, -100, 100, -100,2,10.1095, -2.68325, -3.84777, 3.02976,0, -2.77556e-17, -2.22045e-16, 3.46945e-17
100, -100, 100, 100,1,9.93035, -10.0885, -15.8551, 9.96681,-0.0035839, -0.0359178, 0.00551602, 0.00789289
100, -100, 100, 300,2,10.1095, -2.68325, -3.84777, 3.02976,2.22045e-16, -2.77556e-17, -4.44089e-16, -2.08167e-17
100, -100, 300, -500,2,10, 5.17551e-05, 7.33737e-05, -5.77358e-05,4.44089e-16, 1.38778e-17, -6.66134e-16, -6.93889e-18
100, -100, 300, -300,2,10.1095, -2.68325, -3.84777, 3.02976,-2.22045e-16, -6.93889e-17, 2.22045e-16, 6.93889e-18
100, -100, 300, -100,2,10.1095, -2.68325, -3.84777, 3.02976,2.22045e-16, -4.16334e-17, -2.22045e-16, 2.77556e-17
100, -100, 300, 100,2,-10.1095, 2.68325, 3.84777, -3.02976,0, -2.08167e-17, 2.22045e-16, -1.38778e-17
100, -100, 300, 300,2,10.1095, -2.68325, -3.84777, 3.02976,0, -2.77556e-17, 2.22045e-16, -5.55112e-17
100, 100, -500, -500,1,9.93165, -10.0908, -15.8537, 9.96909,-0.00359073, -0.0359134, 0.00552233, 0.0079053
100, 100, -500, -300,2,10.1095, -2.68325, -3.84777, 3.02976,-2.22045e-16, 2.77556e-17, 2.22045e-16, 1.38778e-17
100, 100, -500, -100,2,10.1095, -2.68325, -3.84777, 3.02976,-4.44089e-16, 0, 2.22045e-16, 0
100, 100, -500, 100,1,9.93139, -10.0903, -15.8539, 9.96859,-0.00358959, -0.0359142, 0.00552129, 0.0079028
100, 100, -500, 300,2,10.1095, -2.68325, -3.84777, 3.02976,0, 5.55112e-17, -4.44089e-16, 1.38778e-17
100, 100, -300, -500,2,10.1095, -2.68325, -3.84777, 3.02976,4.44089e-16, 0, 0, -2.08167e-17
100, 100, -300, -300,2,10.1095, -2.68325, -3.84777, 3.02976,-4.44089e-16, 2.77556e-17, 4.44089e-16, 0
100, 100, -300, -100,2,8.75769, -6.80062, -15.9358, 7.14067,8.88178e-16, 8.32667e-17, 8.88178e-16, -7.07767e-16
100, 100, -300, 100,2,10, 5.17551e-05, 7.33737e-05, -5.77358e-05,0, 0, -2.22045e-16, 6.93889e-18
100, 100, -300, 300,2,-10, -5.17551e-05, -7.33737e-05, 5.77358e-05,2.22045e-16, 6.93889e-18, -4.44089e-16, 6.93889e-18
100, 100, -100, -500,2,10, 5.17551e-05, 7.33737e-05, -5.77358e-05,2.22045e-16, 0, -4.44089e-16, 0
100, 100, -100, -300,2,10, 5.17551e-05, 7.33737e-05, -5.77358e-05,-8.88178e-16, -6.93889e-18, 0, 0
100, 100, -100, -100,2,10.1095, -2.68325, -3.84777, 3.02976,0, 0, 6.66134e-16, 4.16334e-17
100, 100, -100, 100,2,10.1095, -2.68325, -3.84777, 3.02976,6.66134e-16, -1.11022e-16, -4.44089e-16, -1.8735e-16
100, 100, -100, 300,2,-10.1095, 2.68325, 3.84777, -3.02976,-4.44089e-16, 0, 4.44089e-16, 6.93889e-18
100, 100, 100, -500,2,10, 5.17551e-05, 7.33737e-05, -5.77358e-05,-4.44089e-16, 6.93889e-18, -2.22045e-16, 6.93889e-18
100, 100, 100, -300,2,10.1095, -2.68325, -3.84777, 3.02976,8.88178e-16, 2.77556e-17, 0, 1.38778e-17
100, 100, 100, -100,2,10.1095, -2.68325, -3.84777, 3.02976,-2.22045e-16, 2.77556e-17, 0, 0
100, 100, 100, 100,2,10.1095, -2.68325, -3.84777, 3.02976,2.22045e-16, 4.16334e-17, 4.44089e-16, 3.46945e-17
100, 100, 100, 300,2,10.1095, -2.68325, -3.84777, 3.02976,2.22045e-16, -1.38778e-17, 6.66134e-16, 1.38778e-17
100, 100, 300, -500,2,10.1095, -2.68325, -3.84777, 3.02976,8.88178e-16, -2.77556e-17, -2.22045e-16, -4.16334e-17
100, 100, 300, -300,2,10, 5.17551e-05, 7.33737e-05, -5.77358e-05,2.22045e-16, 0, -2.22045e-16, 0
100, 100, 300, -100,2,10, 5.17551e-05, 7.33737e-05, -5.77358e-05,-2.22045e-16, -6.93889e-18, 2.22045e-16, 6.93889e-18
100, 100, 300, 100,2,10.1095, -2.68325, -3.84777, 3.02976,-2.22045e-16, 1.38778e-17, -2.22045e-16, -1.38778e-17
100, 100, 300, 300,2,10.1095, -2.68325, -3.84777, 3.02976,2.22045e-16, 0, -4.44089e-16, -8.32667e-17
100, 300, -500, -500,1,9.93146, -10.0905, -15.8539, 9.96883,-0.0035894, -0.0359141, 0.00552122, 0.00790347
100, 300, -500, -300,2,10.1095, -2.68325, -3.84777, 3.02976,0, -1.38778e-17, 8.88178e-16, 6.93889e-17
100, 300, -500, -100,2,10.1095, -2.68325, -3.84777, 3.02976,2.22045e-16, -3.46945e-17, 4.44089e-16, 1.38778e-17
100, 300, -500, 100,2,-10, -5.17551e-05, -7.33737e-05, 5.77358e-05,0, 6.93889e-18, -2.22045e-16, -6.93889e-18
100, 300, -500, 300,2,-10, -5.17551e-05, -7.33737e-05, 5.77358e-05,6.66134e-16, 2.08167e-17, -4.44089e-16, 0
100, 300, -300, -500,2,10, 5.17551e-05, 7.33737e-05, -5.77358e-05,-4.44089e-16, 6.93889e-18, 8.88178e-16, 2.08167e-17
100, 300, -300, -300,2,8.75769, -6.80062, -15.9358, 7.14067,3.55271e-15, 2.77556e-17, -8.88178e-16, 1.17961e-15
100, 300, -300, -100,2,10.1095, -2.68325, -3.84777, 3.02976,4.44089e-16, 6.93889e-17, 0, 3.46945e-17
100, 300, -300, 100,2,10.1095, -2.68325, -3.84777, 3.02976,0, 3.46945e-17, 4.44089e-16, 6.93889e-17
100, 300, -300, 300,2,-10.1095, 2.68325, 3.84777, -3.02976,4.44089e-16, 5.55112e-17, -2.22045e-16, -1.38778e-17
100, 300, -100, -500,2,10.1095, -2.68325, -3.84777, 3.02976,0, -1.38778e-17, 2.22045e-16, 0
100, 300, -100, -300,2,10.1095, -2.68325, -3.84777, 3.02976,4.44089e-16, -4.85723e-17, 0, 6.93889e-18
100, 300, -100, -100,2,10.1095, -2.68325, -3.84777, 3.02976,-4.44089e-16, -5.55112e-17, -4.44089e-16, 3.46945e-17
100, 300, -100, 100,2,10, 5.17551e-05, 7.33737e-05, -5.77358e-05,0, -6.93889e-18, 2.22045e-16, 1.38778e-17
100, 300, -100, 300,2,-8.75769, 6.80062, 15.9358, -7.14067,-1.11022e-15, -2.77556e-17, 0, -3.46945e-16
100, 300, 100, -500,2,10.1095, -2.68325, -3.84777, 3.02976,-6.66134e-16, -2.08167e-17, 0, -6.93889e-18
100, 300, 100, -300,2,10.1095, -2.68325, -3.84777, 3.02976,6.66134e-16, 3.46945e-17, -6.66134e-16, -6.93889e-17
100, 300, 100, -100,2,10, 5.17551e-05, 7.33737e-05, -5.77358e-05,-2.22045e-16, -6.93889e-18, -2.22045e-16, 0
100, 300, 100, 100,2,10, 5.17551e-05, 7.33737e-05, -5.77358e-05,-2.22045e-16, -1.38778e-17, 0, -6.93889e-18
100, 300, 100, 300,2,-10.1095, 2.68325, 3.84777, -3.02976,-8.88178e-16, -7.63278e-17, 2.22045e-16, -1.38778e-17
100, 300, 300, -500,2,10, 5.17551e-05, 7.33737e-05, -5.77358e-05,0, 2.77556e-17, -2.22045e-16, 0
100, 300, 300, -300,2,10.1095, -2.68325, -3.84777, 3.02976,-8.88178e-16, 2.08167e-17, 2.22045e-16, -2.08167e-17
100, 300, 300, -100,2,10, 5.17551e-05, 7.33737e-05, -5.77358e-05,0, 6.93889e-18, 2.22045e-16, 0
100, 300, 300, 100,2,10.1095, -2.68325, -3.84777, 3.02976,0, 3.46945e-17, 0, 0
100, 300, 300, 300,2,10.1095, -2.68325, -3.84777, 3.02976,6.66134e-16, 6.93889e-17, 0, 6.93889e-18
300, -500, -500, -500,2,10.1095, -2.68325, -3.84777, 3.02976,0, 2.08167e-17, 6.66134e-16, 1.38778e-17
300, -500, -500, -300,2,10.1095, -2.68325, -3.84777, 3.02976,6.66134e-16, 2.77556e-17, 0, 2.77556e-17
300, -500, -500, -100,2,10, 5.17551e-05, 7.33737e-05, -5.77358e-05,4.44089e-16, 6.93889e-18, 2.22045e-16, -6.93889e-18
300, -500, -500, 100,2,-10.1095, 2.68325, 3.84777, -3.02976,4.44089e-16, 2.08167e-17, -2.22045e-16, -2.08167e-17
300, -500, -500, 300,2,-10, -5.17551e-05, -7.33737e-05, 5.77358e-05,6.66134e-16, 2.77556e-17, 2.22045e-16, 6.93889e-18
300, -500, -300, -500,2,10, 5.17551e-05, 7.33737e-05, -5.77358e-05,2.22045e-16, -1.38778e-17, 4.44089e-16, -6.93889e-18
300, -500, -300, -300,2,10, 5.17551e-05, 7.33737e-05, -5.77358e-05,0, 2.08167e-17, -2.22045e-16, -1.38778e-17
300, -500, -300, -100,2,10, 5.17551e-05, 7.33737e-05, -5.77358e-05,-4.44089e-16, -6.93889e-18, 2.22045e-16, 1.38778e-17
300, -500, -300, 100,2,10, 5.17551e-05, 7.33737e-05, -5.77358e-05,6.66134e-16, 0, 2.22045e-16, 6.93889e-18
300, -500, -300, 300,2,-10.1095, 2.68325, 3.84777, -3.02976,-4.44089e-16, 3.46945e-17, -4.44089e-16, -4.16334e-17
300, -500, -100, -500,2,10.1095, -2.68325, -3.84777, 3.02976,1.11022e-15, -6.93889e-18, -6.66134e-16, -2.08167e-17
300, -500, -100, -300,2,10.1095, -2.68325, -3.84777, 3.02976,2.22045e-16, -2.77556e-17, 0, 0
300, -500, -100, -100,1,-9.93032, 10.0884, 15.8551, -9.96672,-0.0035839, -0.0359178, 0.005516, 0.00789262
300, -500, -100, 100,2,-10.1095, 2.68325, 3.84777, -3.02976,4.44089e-16, 1.38778e-17, 0, -6.93889e-18
300, -500, -100, 300,2,-10.1095, 2.68325, 3.84777, -3.02976,-4.44089e-16, 6.93889e-18, -4.44089e-16, -1.38778e-17
300, -500, 100, -500,2,-8.75769, 6.80062, 15.9358, -7.14067,2.22045e-15, -2.77556e-16, 1.77636e-15, -8.46545e-16
300, -500, 100, -300,2,10.1095, -2.68325, -3.84777, 3.02976,-2.22045e-16, -1.38778e-17, 0, -2.08167e-17
300, -500, 100, -100,2,10.1095, -2.68325, -3.84777, 3.02976,2.22045e-16, 3.46945e-17, -4.44089e-16, -2.77556e-17
300, -500, 100, 100,2,10.1095, -2.68325, -3.84777, 3.02976,2.22045e-16, -3.46945e-17, -6.66134e-16, 2.08167e-17
300, -500, 100, 300,2,10, 5.17551e-05, 7.33737e-05, -5.77358e-05,-4.44089e-16, -1.38778e-17, 0, 0
300, -500, 300, -500,1,9.93169, -10.0909, -15.8536, 9.96914,-0.00359094, -0.0359134, 0.00552252, 0.0079053
300, -500, 300, -300,2,8.84993, -8.21574, -17.1411, 8.27648,-0.000966319, -0.0352735, 0.00144039, -0.00415194
300, -500, 300, -100,2,10.1095, -2.68325, -3.84777, 3.02976,4.44089e-16, -2.08167e-17, 2.22045e-16, -6.93889e-18
300, -500, 300, 100,2,10.1095, -2.68325, -3.84777, 3.02976,4.44089e-16, 3.46945e-17, -4.44089e-16, -4.85723e-17
300, -500, 300, 300,2,10.1095, -2.68325, -3.84777, 3.02976,2.22045e-16, 0, -4.44089e-16, -4.16334e-17
300, -300, -500, -500,2,8.75769, -6.80062, -15.9358, 7.14067,1.9984e-15, -2.77556e-17, 2.22045e-15, 2.91434e-16
300, -300, -500, -300,2,10.1095, -2.68325, -3.84777, 3.02976,4.44089e-16, 2.77556e-17, 0, 2.08167e-17
300, -300, -500, -100,2,10, 5.17551e-05, 7.33737e-05, -5.77358e-05,2.22045e-16, -6.93889e-18, 4.44089e-16, 6.93889e-18
300, -300, -500, 100,2,10.1095, -2.68325, -3.84777, 3.02976,0, 5.55112e-17, -2.22045e-16, 0
300, -300, -500, 300,2,10.1095, -2.68325, -3.84777, 3.02976,-4.44089e-16, 2.08167e-17, 0, -6.93889e-18
300, -300, -300, -500,2,10.1095, -2.68325, -3.84777, 3.02976,2.22045e-16, -2.77556e-17, 2.22045e-16, -6.93889e-18
300, -300, -300, -300,2,10.1095, -2.68325, -3.84777, 3.02976,-8.88178e-16, 2.77556e-17, -4.44089e-16, 1.38778e-17
300, -300, -300, -100,2,10.1095, -2.68325, -3.84777, 3.02976,2.22045e-16, 4.16334e-17, -2.22045e-16, -2.08167e-17
300, -300, -300, 100,2,10.1095, -2.68325, -3.84777, 3.02976,-2.22045e-16, 1.38778e-17, 0, -4.85723e-17
300, -300, -300, 300,2,-10.1095, 2.68325, 3.84777, -3.02976,-4.44089e-16, 0, 4.44089e-16, 4.16334e-17
300, -300, -100, -500,2,10.1095, -2.68325, -3.84777, 3.02976,2.22045e-16, -2.08167e-17, 2.22045e-16, 6.245e-17
300, -300, -100, -300,2,10.1095, -2.68325, -3.84777, 3.02976,0, 4.16334e-17, 0, 2.77556e-17
300, -300, -100, -100,2,10.1095, -2.68325, -3.84777, 3.02976,-4.44089e-16, -2.77556e-17, 0, 0
300, -300, -100, 100,2,10.1095, -2.68325, -3.84777, 3.02976,-4.44089e-16, -4.85723e-17, 0, -2.08167e-17
300, -300, -100, 300,1,-9.93178, 10.0912, 15.8536, -9.96945,-0.00359112, -0.0359129, 0.00552258, 0.00790703
300, -300, 100, -500,2,10.1095, -2.68325, -3.84777, 3.02976,6.66134e-16, 2.77556e-17, 2.22045e-16, -1.38778e-17
300, -300, 100, -300,2,10, 5.17551e-05, 7.33737e-05, -5.77358e-05,-2.22045e-16, -2.08167e-17, -4.44089e-16, 6.93889e-18
300, -300, 100, -100,2,10, 5.17551e-05, 7.33737e-05, -5.77358e-05,-6.66134e-16, 0, 4.44089e-16, 1.38778e-17
300, -300, 100, 100,2,8.75769, -6.80062, -15.9358, 7.14067,-2.22045e-15, -3.88578e-16, 8.88178e-16, 1.1241e-15
300, -300, 100, 300,2,-10.1095, 2.68325, 3.84777, -3.02976,-8.88178e-16, 0, 0, -6.93889e-18
300, -300, 300, -500,2,8.75769, -6.80062, -15.9358, 7.14067,-1.9984e-15, 5.55112e-17, 0, -6.80012e-16
300, -300, 300, -300,2,10.1095, -2.68325, -3.84777, 3.02976,-4.44089e-16, -6.245e-17, 4.44089e-16, -1.38778e-17
300, -300, 300, -100,2,10.1095, -2.68325, -3.84777, 3.02976,-2.22045e-16, -6.93889e-18, -2.22045e-16, -1.38778e-17
300, -300, 300, 100,2,10, 5.17551e-05, 7.33737e-05, -5.77358e-05,4.44089e-16, -6.93889e-18, 2.22045e-16, 0
300, -300, 300, 300,2,-10.1095, 2.68325, 3.84777, -3.02976,-4.44089e-16, 2.77556e-17, 4.44089e-16, 1.38778e-17
300, -100, -500, -500,2,10.1095, -2.68325, -3.84777, 3.02976,-2.22045e-16, 0, -6.66134e-16, 0
300, -100, -500, -300,2,10.1095, -2.68325, -3.84777, 3.02976,4.44089e-16, -6.245e-17, -2.22045e-16, -9.71445e-17
300, -100, -500, -100,2,10.1095, -2.68325, -3.84777, 3.02976,-1.33227e-15, 1.38778e-17, 2.22045e-16, 1.38778e-17
300, -100, -500, 100,2,10.1095, -2.68325, -3.84777, 3.02976,4.44089e-16, 5.55112e-17, 0, 5.55112e-17
300, -100, -500, 300,2,10.1095, -2.68325, -3.84777, 3.02976,-2.22045e-16, -2.08167e-17, 4.44089e-16, 0
300, -100, -300, -500,2,10.1095, -2.68325, -3.84777, 3.02976,-2.22045e-16, -6.245e-17, -2.22045e-16, 0
300, -100, -300, -300,2,10.1095, -2.68325, -3.84777, 3.02976,-2.22045e-16, 4.85723e-17, 0, 1.38778e-17
300, -100, -300, -100,2,10, 5.17551e-05, 7.33737e-05, -5.77358e-05,-4.44089e-16, -2.77556e-17, 4.44089e-16, -6.93889e-18
300, -100, -300, 100,2,10.1095, -2.68325, -3.84777, 3.02976,0, -1.38778e-17, 0, 6.93889e-18
300, -100, -300, 300,2,10.1095, -2.68325, -3.84777, 3.02976,2.22045e-16, -2.77556e-17, 4.44089e-16, -6.93889e-18
300, -100, -100, -500,2,10.1095, -2.68325, -3.84777, 3.02976,6.66134e-16, -2.77556e-17, 2.22045e-16, 1.38778e-17
300, -100, -100, -300,2,10.1095, -2.68325, -3.84777, 3.02976,-2.22045e-16, -2.77556e-17, 0, -6.93889e-18
300, -100, -100, -100,2,-10.1095, 2.68325, 3.84777, -3.02976,4.44089e-16, 4.16334e-17, 4.44089e-16, 6.93889e-18
300, -100, -100, 100,2,10.1095, -2.68325, -3.84777, 3.02976,-4.44089e-16, 1.38778e-17, 2.22045e-16, 1.38778e-17
300, -100, -100, 300,2,10.1095, -2.68325, -3.84777, 3.02976,2.22045e-16, -2.77556e-17, -2.22045e-16, 2.08167e-17
300, -100, 100, -500,2,10.1095, -2.68325, -3.84777, 3.02976,4.44089e-16, 0, 0, 1.38778e-17
300, -100, 100, -300,2,10.1095, -2.68325, -3.84777, 3.02976,-4.44089e-16, -2.77556e-17, -2.22045e-16, 1.38778e-17
300, -100, 100, -100,2,10.1095, -2.68325, -3.84777, 3.02976,0, 0, 0, 0
300, -100, 100, 100,2,10.1095, -2.68325, -3.84777, 3.02976,-8.88178e-16, 3.46945e-17, 0, -1.38778e-17
300, -100, 100, 300,2,10.1095, -2.68325, -3.84777, 3.02976,2.22045e-16, 2.77556e-17, 4.44089e-16, -2.77556e-17
300, -100, 300, -500,2,8.75769, -6.80062, -15.9358, 7.14067,8.88178e-16, 5.55112e-16, -3.9968e-15, 5.41234e-16
300, -100, 300, -300,2,10.1095, -2.68325, -3.84777, 3.02976,2.22045e-16, -1.38778e-17, 0, -6.93889e-18
300, -100, 300, -100,2,10.1095, -2.68325, -3.84777, 3.02976,0, 3.46945e-17, -8.88178e-16, 1.38778e-17
300, -100, 300, 100,2,-8.75769, 6.80062, 15.9358, -7.14067,-2.22045e-15, 2.77556e-16, -3.10862e-15, 6.93889e-17
300, -100, 300, 300,2,10.1095, -2.68325, -3.84777, 3.02976,-6.66134e-16, -1.38778e-17, 0, -3.46945e-17
300, 100, -500, -500,2,10.1095, -2.68325, -3.84777, 3.02976,2.22045e-16, -2.77556e-17, 0, 1.38778e-17
300, 100, -500, -300,2,10.1095, -2.68325, -3.84777, 3.02976,-4.44089e-16, -1.38778e-17, -4.44089e-16, 1.38778e-17
300, 100, -500, -100,2,10.1095, -2.68325, -3.84777, 3.02976,-6.66134e-16, 2.08167e-17, -6.66134e-16, -1.38778e-17
300, 100, -500, 100,2,8.75769, -6.80062, -15.9358, 7.14067,4.44089e-16, -1.38778e-16, 4.44089e-16, -6.80012e-16
300, 100, -500, 300,2,10, 5.17551e-05, 7.33737e-05, -5.77358e-05,-4.44089e-16, -2.08167e-17, 2.22045e-16, 6.93889e-18
300, 100, -300, -500,2,10.1095, -2.68325, -3.84777, 3.02976,2.22045e-16, 1.38778e-17, 4.44089e-16, 4.16334e-17
300, 100, -300, -300,2,10.1095, -2.68325, -3.84777, 3.02976,2.22045e-16, -4.85723e-17, 8.88178e-16, 0
300, 100, -300, -100,2,10.1095, -2.68325, -3.84777, 3.02976,0, 1.38778e-17, 0, 0
300, 100, -300, 100,2,10.1095, -2.68325, -3.84777, 3.02976,8.88178e-16, -1.38778e-17, 2.22045e-16, -6.93889e-18
300, 100, -300, 300,2,10.1095, -2.68325, -3.84777, 3.02976,2.22045e-16, -1.249e-16, 0, -1.52656e-16
300, 100, -100, -500,2,10, 5.17551e-05, 7.33737e-05, -5.77358e-05,6.66134e-16, 6.93889e-18, 0, 6.93889e-18
300, 100, -100, -300,2,8.75769, -6.80062, -15.9358, 7.14067,0, -3.88578e-16, -3.55271e-15, -1.29063e-15
300, 100, -100, -100,2,10.1095, -2.68325, -3.84777, 3.02976,2.22045e-16, -2.08167e-17, 0, 9.71445e-17
300, 100, -100, 100,2,8.75769, -6.80062, -15.9358, 7.14067,-4.44089e-15, -5.55112e-17, 4.44089e-16, -7.35523e-16
300, 100, -100, 300,2,10.1095, -2.68325, -3.84777, 3.02976,4.44089e-16, 2.77556e-17, 2.22045e-16, -1.38778e-17
300, 100, 100, -500,2,10, 5.17551e-05, 7.33737e-05, -5.77358e-05,0, -2.01228e-16, 0, -2.35922e-16
300, 100, 100, -300,2,10, 5.17551e-05, 7.33737e-05, -5.77358e-05,-2.22045e-16, 0, -2.22045e-16, -1.38778e-17
300, 100, 100, -100,2,10, 5.17551e-05, 7.33737e-05, -5.77358e-05,-6.66134e-16, -2.08167e-17, -2.22045e-16, 6.93889e-18
300, 100, 100, 100,2,10.1095, -2.68325, -3.84777, 3.02976,4.44089e-16, -3.46945e-17, 0, -1.38778e-17
300, 100, 100, 300,2,10, 5.17551e-05, 7.33737e-05, -5.77358e-05,-8.88178e-16, -2.08167e-17, -4.44089e-16, -6.93889e-18
300, 100, 300, -500,2,10, 5.17551e-05, 7.33737e-05, -5.77358e-05,2.22045e-16, 0, 6.66134e-16, 1.38778e-17
300, 100, 300, -300,2,10, 5.17551e-05, 7.33737e-05, -5.77358e-05,-6.66134e-16, -6.93889e-18, -2.22045e-16, -1.38778e-17
300, 100, 300, -100,2,10, 5.17551e-05, 7.33737e-05, -5.77358e-05,-2.22045e-16, -6.93889e-18, 2.22045e-16, 6.93889e-18
300, 100, 300, 100,2,10.1095, -2.68325, -3.84777, 3.02976,-4.44089e-16, -8.32667e-17, 6.66134e-16, 2.77556e-17
300, 100, 300, 300,2,10.1095, -2.68325, -3.84777, 3.02976,6.66134e-16, 6.93889e-17, -2.22045e-16, -1.38778e-17
300, 300, -500, -500,2,10.1095, -2.68325, -3.84777, 3.02976,2.22045e-16, -5.55112e-17, -2.22045e-16, -4.16334e-17
300, 300, -500, -300,2,10.1095, -2.68325, -3.84777, 3.02976,2.22045e-16, -5.55112e-17, -2.22045e-16, -1.38778e-17
300, 300, -500, -100,2,8.75769, -6.80062, -15.9358, 7.14067,2.22045e-16, 5.55112e-17, 2.66454e-15, 1.40166e-15
300, 300, -500, 100,2,10.1095, -2.68325, -3.84777, 3.02976,2.22045e-16, -4.16334e-17, 0, 0
300, 300, -500, 300,2,10.1095, -2.68325, -3.84777, 3.02976,-4.44089e-16, -6.93889e-18, 4.44089e-16, 1.38778e-17
300, 300, -300, -500,2,8.85015, -8.21647, -17.1417, 8.27734,-0.000980559, -0.0352816, 0.00143716, -0.00413447
300, 300, -300, -300,2,10.1095, -2.68325, -3.84777, 3.02976,6.66134e-16, 6.245e-17, -2.22045e-16, 1.38778e-17
300, 300, -300, -100,2,10.1095, -2.68325, -3.84777, 3.02976,6.66134e-16, -6.93889e-18, 0, 6.93889e-18
300, 300, -300, 100,2,10.1095, -2.68325, -3.84777, 3.02976,2.22045e-16, 0, 6.66134e-16, 3.46945e-17
300, 300, -300, 300,2,10.1095, -2.68325, -3.84777, 3.02976,0, -3.46945e-17, 0, 5.55112e-17
300, 300, -100, -500,1,9.93231, -10.0921, -15.853, 9.97033,-0.00359394, -0.0359113, 0.00552522, 0.00791151
300, 300, -100, -300,2,10.1095, -2.68325, -3.84777, 3.02976,0, 0, 0, 1.38778e-17
300, 300, -100, -100,2,10.1095, -2.68325, -3.84777, 3.02976,0, 1.38778e-17, 0, -1.38778e-17
300, 300, -100, 100,2,10, 5.17551e-05, 7.33737e-05, -5.77358e-05,0, -6.93889e-18, 2.22045e-16, 0
300, 300, -100, 300,2,10.1095, -2.68325, -3.84777, 3.02976,-4.44089e-16, -2.77556e-17, -4.44089e-16, 4.16334e-17
300, 300, 100, -500,2,-10.1095, 2.68325, 3.84777, -3.02976,6.66134e-16, 2.08167e-17, -4.44089e-16, 0
300, 300, 100, -300,2,10.1095, -2.68325, -3.84777, 3.02976,6.66134e-16, 6.93889e-18, 2.22045e-16, -2.08167e-17
300, 300, 100, -100,2,10, 5.17551e-05, 7.33737e-05, -5.77358e-05,-4.44089e-16, -1.38778e-17, 2.22045e-16, -6.93889e-18
300, 300, 100, 100,2,10, 5.17551e-05, 7.33737e-05, -5.77358e-05,2.22045e-16, 0, 6.66134e-16, 0
300, 300, 100, 300,2,-10, -5.17551e-05, -7.33737e-05, 5.77358e-05,-4.44089e-16, -1.38778e-17, 4.44089e-16, 1.38778e-17
300, 300, 300, -500,2,10, 5.17551e-05, 7.33737e-05, -5.77358e-05,-2.22045e-16, 0, 4.44089e-16, -1.38778e-17
300, 300, 300, -300,2,10.1095, -2.68325, -3.84777, 3.02976,-6.66134e-16, 4.16334e-17, 4.44089e-16, 2.77556e-17
300, 300, 300, -100,2,10, 5.17551e-05, 7.33737e-05, -5.77358e-05,4.44089e-16, 1.38778e-17, 4.44089e-16, 0
300, 300, 300, 100,2,10, 5.17551e-05, 7.33737e-05, -5.77358e-05,-2.22045e-16, -6.93889e-18, 2.22045e-16, -1.38778e-17
300, 300, 300, 300,2,10.1095, -2.68325, -3.84777, 3.02976,2.22045e-16, 2.08167e-17, 4.44089e-16, 0
